﻿<?xml version="1.0" encoding="utf-8"?><Cvr xmlns:xsi="http://www.w3.org/2001/XMLSchema-instance" xmlns:xsd="http://www.w3.org/2001/XMLSchema" xmlns="http://tempuri.org/CVRDesign.xsd"><Contests><Contest><Name>Chief Justice, 9th Court of Appeals District</Name><Id>4823b86e-e581-4887-975d-09d06df73269</Id><Options><Option><Name>Scott Golemon</Name><Id>484bde05-e58d-4a52-9e85-ada8807b8b9e</Id><Value>1</Value></Option></Options></Contest></Contests><SheetNumber>1</SheetNumber><PrecinctSplit><Name>6</Name><Id>1bf10357-7097-4c94-8d5c-795bfa30a03a</Id></PrecinctSplit><Party><Name>Republican Party</Name><Id>f5193eb1-0a9a-4549-bd76-6c007b87bd76</Id></Party></Cvr>