﻿<?xml version="1.0" encoding="utf-8"?><Cvr xmlns:xsi="http://www.w3.org/2001/XMLSchema-instance" xmlns:xsd="http://www.w3.org/2001/XMLSchema" xmlns="http://tempuri.org/CVRDesign.xsd"><Contests><Contest><Name>Chief Justice, 9th Court of Appeals District</Name><Id>4823b86e-e581-4887-975d-09d06df73269</Id><Options><Option><Name>Jay Wright</Name><Id>54716d17-9808-46f6-93f4-ad295e08a6ab</Id><Value>1</Value></Option></Options></Contest></Contests><SheetNumber>1</SheetNumber><PrecinctSplit><Name>7</Name><Id>d783229b-daec-4c76-969e-5185a1c90080</Id></PrecinctSplit><Party><Name>Republican Party</Name><Id>f5193eb1-0a9a-4549-bd76-6c007b87bd76</Id></Party></Cvr>