﻿<?xml version="1.0" encoding="utf-8"?><Cvr xmlns:xsi="http://www.w3.org/2001/XMLSchema-instance" xmlns:xsd="http://www.w3.org/2001/XMLSchema" xmlns="http://tempuri.org/CVRDesign.xsd"><Contests><Contest><Name>United States Senator</Name><Id>74faed5e-fb87-4550-aee0-b11ea44f9ade</Id><Options><Option><Name>Royce West</Name><Id>344ce095-c6ad-4d0f-bc82-5d9aa4898ea8</Id><Value>1</Value></Option></Options></Contest><Contest><Name>Railroad Commissioner</Name><Id>2a29acf4-da69-4a31-8e11-42aaf0079a5f</Id><Options><Option><Name>Roberto R. "Beto" Alonzo</Name><Id>a2c2bda6-4b1d-4898-a214-dd5c707da14e</Id><Value>1</Value></Option></Options></Contest></Contests><SheetNumber>1</SheetNumber><PrecinctSplit><Name>8</Name><Id>af62d857-bb16-4a4c-b8ba-a2a13185cddf</Id></PrecinctSplit><Party><Name>Democratic Party</Name><Id>b169ad5d-d540-49b9-9dd1-084f4b591c89</Id></Party></Cvr>