﻿<?xml version="1.0" encoding="utf-8"?><Cvr xmlns:xsi="http://www.w3.org/2001/XMLSchema-instance" xmlns:xsd="http://www.w3.org/2001/XMLSchema" xmlns="http://tempuri.org/CVRDesign.xsd"><Contests><Contest><Name>United States Senator</Name><Id>74faed5e-fb87-4550-aee0-b11ea44f9ade</Id><Options><Option><Name>Mary "MJ" Hegar</Name><Id>f8b527ab-13b1-4d04-b14b-f8d264a156bd</Id><Value>1</Value></Option></Options></Contest><Contest><Name>Railroad Commissioner</Name><Id>2a29acf4-da69-4a31-8e11-42aaf0079a5f</Id><Options><Option><Name>Chrysta Castañeda</Name><Id>580e5f19-b48d-49e6-afac-e935c8035f2c</Id><Value>1</Value></Option></Options></Contest></Contests><SheetNumber>1</SheetNumber><PrecinctSplit><Name>4</Name><Id>cf776a64-11ff-48e9-a9ff-41dd67cb9112</Id></PrecinctSplit><Party><Name>Democratic Party</Name><Id>b169ad5d-d540-49b9-9dd1-084f4b591c89</Id></Party></Cvr>