﻿<?xml version="1.0" encoding="utf-8"?><Cvr xmlns:xsi="http://www.w3.org/2001/XMLSchema-instance" xmlns:xsd="http://www.w3.org/2001/XMLSchema" xmlns="http://tempuri.org/CVRDesign.xsd"><Contests><Contest><Name>Attorney General</Name><Id>badb095a-478e-49ec-93c2-ba1c8d3ea7c0</Id><Options><Option><Name>George P. Bush</Name><Id>72eb4fb9-a0fa-47c6-99e1-f07b96a8938d</Id><Value>1</Value></Option></Options></Contest><Contest><Name>Commissioner of the General Land Office</Name><Id>22a2a9e2-b94a-4f6a-b292-003ebe031329</Id><Options><Option><Name>Tim Westley</Name><Id>28e88e26-bf92-46eb-a033-2b0bb92031bf</Id><Value>1</Value></Option></Options></Contest><Contest><Name>Railroad Commissioner</Name><Id>601c5f48-1a54-48f0-b57f-b8dd4d891e60</Id><Options /><Undervotes>1</Undervotes></Contest></Contests><BatchSequence>0</BatchSequence><SheetNumber>1</SheetNumber><PrecinctSplit><Name>6</Name><Id>d51b7444-a371-4e3c-ac1e-eaed08caf9a8</Id></PrecinctSplit><Party><Name>REPUBLICAN PARTY</Name><Id>8523bec7-0dd3-40d2-ab04-a0e6b3100e7a</Id></Party><CvrGuid>22f997ae-a396-4a7e-b9b3-f2bb6b443c0b</CvrGuid></Cvr>