﻿<?xml version="1.0" encoding="utf-8"?><Cvr xmlns:xsi="http://www.w3.org/2001/XMLSchema-instance" xmlns:xsd="http://www.w3.org/2001/XMLSchema" xmlns="http://tempuri.org/CVRDesign.xsd"><Contests><Contest><Name>Lieutenant Governor</Name><Id>bfac6934-8f5d-4de6-bfec-7dc07f12a1d0</Id><Options><Option><Name>Mike Collier</Name><Id>c3c53123-5c71-46d8-8dde-f753aa644ae1</Id><Value>1</Value></Option></Options></Contest><Contest><Name>Attorney General</Name><Id>d9fc8a90-7d95-42ad-865a-fc5162342442</Id><Options><Option><Name>Joe Jaworski</Name><Id>67f5b35c-0ac0-4971-bc81-ce78426b8d38</Id><Value>1</Value></Option></Options></Contest><Contest><Name>Comptroller of Public Accounts</Name><Id>8f9e2f76-3b8a-4cee-85b1-b70d77194f8a</Id><Options><Option><Name>Janet T. Dudding</Name><Id>274f7210-669c-4798-95e1-0a4644b474ac</Id><Value>1</Value></Option></Options></Contest><Contest><Name>Commissioner of the General Land Office</Name><Id>f7898d20-ffb2-4757-9661-8de705e2b84a</Id><Options><Option><Name>Sandragrace Martinez</Name><Id>3550769a-0769-45d8-a32e-ab6d41e6b9db</Id><Value>1</Value></Option></Options></Contest></Contests><BatchSequence>0</BatchSequence><SheetNumber>1</SheetNumber><PrecinctSplit><Name>7</Name><Id>2c47ea88-f688-4ec2-ab6e-bf2e2621301d</Id></PrecinctSplit><Party><Name>DEMOCRATIC PARTY</Name><Id>b3cdaab1-04af-44b0-91d2-47935193f051</Id></Party><CvrGuid>4789fadf-40ef-454a-8396-4003a3c07fb6</CvrGuid></Cvr>