﻿<?xml version="1.0" encoding="utf-8"?><Cvr xmlns:xsi="http://www.w3.org/2001/XMLSchema-instance" xmlns:xsd="http://www.w3.org/2001/XMLSchema" xmlns="http://tempuri.org/CVRDesign.xsd"><Contests><Contest><Name>Attorney General</Name><Id>badb095a-478e-49ec-93c2-ba1c8d3ea7c0</Id><Options><Option><Name>Ken Paxton</Name><Id>daf5a200-5968-44fa-a889-59123b8868c7</Id><Value>1</Value></Option></Options></Contest><Contest><Name>Commissioner of the General Land Office</Name><Id>22a2a9e2-b94a-4f6a-b292-003ebe031329</Id><Options><Option><Name>Dawn Buckingham</Name><Id>aa701755-7585-49a1-91df-d965150b64af</Id><Value>1</Value></Option></Options></Contest><Contest><Name>Railroad Commissioner</Name><Id>601c5f48-1a54-48f0-b57f-b8dd4d891e60</Id><Options><Option><Name>Sarah Stogner</Name><Id>20059f11-3a7a-4363-87ea-4c7679cf80ba</Id><Value>1</Value></Option></Options></Contest></Contests><BatchSequence>0</BatchSequence><SheetNumber>1</SheetNumber><PrecinctSplit><Name>8</Name><Id>cc4f2554-77b2-43cd-b880-383193ca7628</Id></PrecinctSplit><Party><Name>REPUBLICAN PARTY</Name><Id>8523bec7-0dd3-40d2-ab04-a0e6b3100e7a</Id></Party><CvrGuid>4a0238b3-5e06-43bd-897f-678b62364ba6</CvrGuid></Cvr>