﻿<?xml version="1.0" encoding="utf-8"?><Cvr xmlns:xsi="http://www.w3.org/2001/XMLSchema-instance" xmlns:xsd="http://www.w3.org/2001/XMLSchema" xmlns="http://tempuri.org/CVRDesign.xsd"><Contests><Contest><Name>Lieutenant Governor</Name><Id>bfac6934-8f5d-4de6-bfec-7dc07f12a1d0</Id><Options><Option><Name>Michelle Beckley</Name><Id>021904ca-d144-4013-a4bf-37294a5e4cc4</Id><Value>1</Value></Option></Options></Contest><Contest><Name>Attorney General</Name><Id>d9fc8a90-7d95-42ad-865a-fc5162342442</Id><Options><Option><Name>Rochelle Mercedes Garza</Name><Id>a2ec1cfe-c912-432a-8da9-2263fe34db09</Id><Value>1</Value></Option></Options></Contest><Contest><Name>Comptroller of Public Accounts</Name><Id>8f9e2f76-3b8a-4cee-85b1-b70d77194f8a</Id><Options><Option><Name>Janet T. Dudding</Name><Id>274f7210-669c-4798-95e1-0a4644b474ac</Id><Value>1</Value></Option></Options></Contest><Contest><Name>Commissioner of the General Land Office</Name><Id>f7898d20-ffb2-4757-9661-8de705e2b84a</Id><Options><Option><Name>Sandragrace Martinez</Name><Id>3550769a-0769-45d8-a32e-ab6d41e6b9db</Id><Value>1</Value></Option></Options></Contest></Contests><BatchSequence>0</BatchSequence><SheetNumber>1</SheetNumber><PrecinctSplit><Name>6</Name><Id>d51b7444-a371-4e3c-ac1e-eaed08caf9a8</Id></PrecinctSplit><Party><Name>DEMOCRATIC PARTY</Name><Id>b3cdaab1-04af-44b0-91d2-47935193f051</Id></Party><CvrGuid>4e5ddf48-9246-4d60-83c1-1f542cdf4246</CvrGuid></Cvr>