﻿<?xml version="1.0" encoding="utf-8"?><Cvr xmlns:xsi="http://www.w3.org/2001/XMLSchema-instance" xmlns:xsd="http://www.w3.org/2001/XMLSchema" xmlns="http://tempuri.org/CVRDesign.xsd"><Contests><Contest><Name>President and Vice President</Name><Id>3deb14c6-47e3-42bb-b814-88591e8c7948</Id><Options><Option><Name>Donald J. Trump
Michael R. Pence</Name><Id>33adf4b0-27a8-4d15-819f-92c6ccd69270</Id><Value>1</Value></Option></Options></Contest><Contest><Name>United States Senator</Name><Id>50a7c6bd-b4cc-4583-9b1e-e1e194358e49</Id><Options><Option><Name>John Cornyn</Name><Id>64f86068-d056-4621-b6e2-dc7b6d728e4d</Id><Value>1</Value></Option></Options></Contest><Contest><Name>United States Representative, District No. 8</Name><Id>f551b99e-7406-44b9-8fcd-54a736765bc2</Id><Options><Option><Name>Kevin Brady</Name><Id>ef4b5ca8-c70d-4b1a-a6a9-6232c5a33861</Id><Value>1</Value></Option></Options></Contest><Contest><Name>Railroad Commissioner</Name><Id>203b4027-a255-49bb-aaf0-8947239f2669</Id><Options><Option><Name>James "Jim" Wright</Name><Id>f8e3716a-8f1e-4a04-95d7-9d48dafbe1a9</Id><Value>1</Value></Option></Options></Contest><Contest><Name>Chief Justice, Supreme Court</Name><Id>036cb2ba-c533-4dff-8ae6-b7cbcad59de0</Id><Options><Option><Name>Mark Ash</Name><Id>291bd5ca-13fa-4d69-afd4-bd4c6d5a33e9</Id><Value>1</Value></Option></Options></Contest><Contest><Name>Justice, Supreme Court, Place No. 6
Unexpired Term</Name><Id>fdbd680c-5bb5-41d5-b1a8-1438038ee670</Id><Options><Option><Name>Jane Bland</Name><Id>a0290861-e2f0-407e-8216-0ec441a85422</Id><Value>1</Value></Option></Options></Contest><Contest><Name>Justice, Supreme Court, Place No. 7</Name><Id>656d50a6-12b1-454c-a71b-b1c99f77ccc4</Id><Options><Option><Name>Staci Williams</Name><Id>b1c86661-ffe5-4667-91e6-7c528d78725e</Id><Value>1</Value></Option></Options></Contest><Contest><Name>Justice, Supreme Court, Place No. 8</Name><Id>50fe28d7-d0f9-4fe5-975a-f5fb5b0025df</Id><Options><Option><Name>Gisela D. Triana</Name><Id>418bd86b-ad20-419d-a326-3b5428806fc5</Id><Value>1</Value></Option></Options></Contest><Contest><Name>Judge, Court of Criminal Appeals, Place No. 3</Name><Id>1ea50ff2-aa7c-4ace-bc1c-ebef7a1fe45c</Id><Options><Option><Name>Elizabeth Davis Frizell</Name><Id>972694a0-81a7-49ee-ab9a-44da72a0f8db</Id><Value>1</Value></Option></Options></Contest><Contest><Name>Judge, Court of Criminal Appeals, Place No. 4</Name><Id>7c2beefa-0931-48b0-801c-9b75ba80c6c8</Id><Options><Option><Name>Tina Clinton</Name><Id>814277f5-56c6-4229-9d30-33d4347655af</Id><Value>1</Value></Option></Options></Contest><Contest><Name>Judge, Court of Criminal Appeals, Place No. 9</Name><Id>3addfab9-c18e-4507-b0da-7aa225503684</Id><Options><Option><Name>Brandon Birmingham</Name><Id>dea6ce40-21b3-421b-a4e8-78b9e3a7de64</Id><Value>1</Value></Option></Options></Contest><Contest><Name>Member State Board of Education, District No. 8</Name><Id>818ee4c9-a7ce-41f7-8d8d-537b9f28e761</Id><Options><Option><Name>Audrey Young</Name><Id>040efeee-3a9a-4ac2-a0c1-5fbeeb9b1222</Id><Value>1</Value></Option></Options></Contest><Contest><Name>State Representative, District No. 18</Name><Id>072149b9-6a67-49f7-bc32-25b2a54aab5e</Id><Options><Option><Name>Ernest Bailes</Name><Id>3f2eba21-383d-4e03-975b-dd999ad7151e</Id><Value>1</Value></Option></Options></Contest><Contest><Name>Chief Justice, 9th Court of Appeals District</Name><Id>af6814eb-0a77-467c-82e0-f52912d24494</Id><Options><Option><Name>Scott Golemon</Name><Id>be6af189-69a4-4a6f-8873-b7db72721cf1</Id><Value>1</Value></Option></Options></Contest><Contest><Name>District Judge, 411th Judicial District</Name><Id>1ff2c173-8688-4db3-b559-ed1f0a6a42f9</Id><Options><Option><Name>John Wells</Name><Id>7514a4ab-5392-43b7-82e6-7861e4fe3804</Id><Value>1</Value></Option></Options></Contest><Contest><Name>Sheriff</Name><Id>7d2ebae5-45aa-45c8-99f6-bf63e64d3631</Id><Options><Option><Name>Greg Capers</Name><Id>79531b5b-4130-4638-babe-9ce38bff88cb</Id><Value>1</Value></Option></Options></Contest><Contest><Name>County Tax Assessor-Collector</Name><Id>435553ee-b472-48e0-89ea-560a674f557a</Id><Options><Option><Name>Betty Davis</Name><Id>fc99bacc-c04b-43d5-ac1e-db528c572baa</Id><Value>1</Value></Option></Options></Contest><Contest><Name>County Commissioner
Precinct 1</Name><Id>7c0e3e27-3a3d-488c-b8ed-f47897867c6b</Id><Options><Option><Name>Laddie McAnally</Name><Id>023a98d0-ac64-4d37-ba8b-cf6506d6c879</Id><Value>1</Value></Option></Options></Contest><Contest><Name>County Constable 
Precinct 1</Name><Id>3338f3dc-3f87-4f11-b8c1-67ede4f367e5</Id><Options><Option><Name>Roy Rogers</Name><Id>05910843-a3e1-4363-a5d2-de4b971c1e08</Id><Value>1</Value></Option></Options></Contest></Contests><SheetNumber>1</SheetNumber><PrecinctSplit><Name>13</Name><Id>9900f030-5d33-4f87-b23b-c56b9f7750e3</Id></PrecinctSplit></Cvr>