﻿<?xml version="1.0" encoding="utf-8"?><Cvr xmlns:xsi="http://www.w3.org/2001/XMLSchema-instance" xmlns:xsd="http://www.w3.org/2001/XMLSchema" xmlns="http://tempuri.org/CVRDesign.xsd"><Contests><Contest><Name>President and Vice President</Name><Id>3deb14c6-47e3-42bb-b814-88591e8c7948</Id><Options><Option><Name>Joseph R. Biden
Kamala D. Harris</Name><Id>a3a6cf61-e81a-4cb3-8ad2-4a04e2ecf238</Id><Value>1</Value></Option></Options></Contest><Contest><Name>United States Senator</Name><Id>50a7c6bd-b4cc-4583-9b1e-e1e194358e49</Id><Options><Option><Name>Mary "MJ" Hegar</Name><Id>2f537013-1a9a-44ff-bb3d-80afdb8d7870</Id><Value>1</Value></Option></Options></Contest><Contest><Name>United States Representative, District No. 8</Name><Id>f551b99e-7406-44b9-8fcd-54a736765bc2</Id><Options /><Undervotes>1</Undervotes></Contest><Contest><Name>Railroad Commissioner</Name><Id>203b4027-a255-49bb-aaf0-8947239f2669</Id><Options /><Undervotes>1</Undervotes></Contest><Contest><Name>Chief Justice, Supreme Court</Name><Id>036cb2ba-c533-4dff-8ae6-b7cbcad59de0</Id><Options><Option><Name>Mark Ash</Name><Id>291bd5ca-13fa-4d69-afd4-bd4c6d5a33e9</Id><Value>1</Value></Option></Options></Contest><Contest><Name>Justice, Supreme Court, Place No. 6
Unexpired Term</Name><Id>fdbd680c-5bb5-41d5-b1a8-1438038ee670</Id><Options><Option><Name>Kathy Cheng</Name><Id>9734634a-3b9c-4cf7-ae04-9865b004f535</Id><Value>1</Value></Option></Options></Contest><Contest><Name>Justice, Supreme Court, Place No. 7</Name><Id>656d50a6-12b1-454c-a71b-b1c99f77ccc4</Id><Options><Option><Name>Jeff Boyd</Name><Id>72dbc253-d9a4-4c5d-a154-81ec87644eac</Id><Value>1</Value></Option></Options></Contest><Contest><Name>Justice, Supreme Court, Place No. 8</Name><Id>50fe28d7-d0f9-4fe5-975a-f5fb5b0025df</Id><Options><Option><Name>Gisela D. Triana</Name><Id>418bd86b-ad20-419d-a326-3b5428806fc5</Id><Value>1</Value></Option></Options></Contest><Contest><Name>Judge, Court of Criminal Appeals, Place No. 3</Name><Id>1ea50ff2-aa7c-4ace-bc1c-ebef7a1fe45c</Id><Options><Option><Name>Elizabeth Davis Frizell</Name><Id>972694a0-81a7-49ee-ab9a-44da72a0f8db</Id><Value>1</Value></Option></Options></Contest><Contest><Name>Judge, Court of Criminal Appeals, Place No. 4</Name><Id>7c2beefa-0931-48b0-801c-9b75ba80c6c8</Id><Options><Option><Name>Tina Clinton</Name><Id>814277f5-56c6-4229-9d30-33d4347655af</Id><Value>1</Value></Option></Options></Contest><Contest><Name>Judge, Court of Criminal Appeals, Place No. 9</Name><Id>3addfab9-c18e-4507-b0da-7aa225503684</Id><Options><Option><Name>David Newell</Name><Id>6ad3959d-a0fe-4fa0-9620-bf51eaeb794e</Id><Value>1</Value></Option></Options></Contest><Contest><Name>Member State Board of Education, District No. 8</Name><Id>818ee4c9-a7ce-41f7-8d8d-537b9f28e761</Id><Options><Option><Name>Audrey Young</Name><Id>040efeee-3a9a-4ac2-a0c1-5fbeeb9b1222</Id><Value>1</Value></Option></Options></Contest><Contest><Name>State Representative, District No. 18</Name><Id>072149b9-6a67-49f7-bc32-25b2a54aab5e</Id><Options><Option><Name>Ernest Bailes</Name><Id>3f2eba21-383d-4e03-975b-dd999ad7151e</Id><Value>1</Value></Option></Options></Contest><Contest><Name>Chief Justice, 9th Court of Appeals District</Name><Id>af6814eb-0a77-467c-82e0-f52912d24494</Id><Options><Option><Name>Scott Golemon</Name><Id>be6af189-69a4-4a6f-8873-b7db72721cf1</Id><Value>1</Value></Option></Options></Contest><Contest><Name>District Judge, 411th Judicial District</Name><Id>1ff2c173-8688-4db3-b559-ed1f0a6a42f9</Id><Options><Option><Name>John Wells</Name><Id>7514a4ab-5392-43b7-82e6-7861e4fe3804</Id><Value>1</Value></Option></Options></Contest><Contest><Name>Sheriff</Name><Id>7d2ebae5-45aa-45c8-99f6-bf63e64d3631</Id><Options /><Undervotes>1</Undervotes></Contest><Contest><Name>County Tax Assessor-Collector</Name><Id>435553ee-b472-48e0-89ea-560a674f557a</Id><Options /><Undervotes>1</Undervotes></Contest><Contest><Name>County Commissioner
Precinct 3</Name><Id>10c693e1-a5ca-4236-92d5-19645273284a</Id><Options /><Undervotes>1</Undervotes></Contest><Contest><Name>County Constable 
Precinct 3</Name><Id>3e827714-50e7-4562-912f-5171ca1d241d</Id><Options><Option><Name>Sam Houston</Name><Id>b1e3545f-51ec-4460-8a63-d6f60e825c02</Id><Value>1</Value></Option></Options></Contest><Contest><Name>Coldspring-Oakhurst Consolidated Independent School District
Trustee, Position 5</Name><Id>78f83f63-89b3-4705-884f-ed0dde32c822</Id><Options><Option><Name>William B. Baker</Name><Id>3baeafc5-b029-4056-86c1-6782c2f06f9a</Id><Value>1</Value></Option></Options></Contest><Contest><Name>Coldspring-Oakhurst Consolidated Independent School District
Trustee, Position 6</Name><Id>a0d9113d-28d9-49a6-8ea9-cd4f8ad0d278</Id><Options /><Undervotes>1</Undervotes></Contest><Contest><Name>Coldspring-Oakhurst Consolidated Independent School District
Trustee, Position 7</Name><Id>0416e68c-ce3c-4ce7-9369-1593206ec382</Id><Options /><Undervotes>1</Undervotes></Contest></Contests><SheetNumber>1</SheetNumber><PrecinctSplit><Name>14COCISD</Name><Id>9f61ae8d-3f53-4505-b3a2-6179fdab7d87</Id></PrecinctSplit></Cvr>