﻿<?xml version="1.0" encoding="utf-8"?><Cvr xmlns:xsi="http://www.w3.org/2001/XMLSchema-instance" xmlns:xsd="http://www.w3.org/2001/XMLSchema" xmlns="http://tempuri.org/CVRDesign.xsd"><Contests><Contest><Name>Sheriff</Name><Id>7d2ebae5-45aa-45c8-99f6-bf63e64d3631</Id><Options /><Undervotes>1</Undervotes></Contest><Contest><Name>County Tax Assessor-Collector</Name><Id>435553ee-b472-48e0-89ea-560a674f557a</Id><Options /><Undervotes>1</Undervotes></Contest><Contest><Name>County Commissioner
Precinct 3</Name><Id>10c693e1-a5ca-4236-92d5-19645273284a</Id><Options /><Undervotes>1</Undervotes></Contest><Contest><Name>County Constable 
Precinct 3</Name><Id>3e827714-50e7-4562-912f-5171ca1d241d</Id><Options><Option><Name>Sam Houston</Name><Id>b1e3545f-51ec-4460-8a63-d6f60e825c02</Id><Value>1</Value></Option></Options></Contest><Contest><Name>Cleveland Independent School District
Trustee, Position 6</Name><Id>70ab05c3-0d1b-488e-91fa-12f538662f34</Id><Options /><Undervotes>1</Undervotes></Contest><Contest><Name>Cleveland Independent School District
Trustee, Position 7</Name><Id>224d2bef-023c-48cb-bbc1-84d9e643a3c9</Id><Options /><Undervotes>1</Undervotes></Contest><Contest><Name>President and Vice President</Name><Id>3deb14c6-47e3-42bb-b814-88591e8c7948</Id><Options><Option><Name>Joseph R. Biden
Kamala D. Harris</Name><Id>a3a6cf61-e81a-4cb3-8ad2-4a04e2ecf238</Id><Value>1</Value></Option></Options></Contest><Contest><Name>United States Senator</Name><Id>50a7c6bd-b4cc-4583-9b1e-e1e194358e49</Id><Options><Option><Name>Mary "MJ" Hegar</Name><Id>2f537013-1a9a-44ff-bb3d-80afdb8d7870</Id><Value>1</Value></Option></Options></Contest><Contest><Name>United States Representative, District No. 8</Name><Id>f551b99e-7406-44b9-8fcd-54a736765bc2</Id><Options><Option><Name>Elizabeth Hernandez</Name><Id>68de1d66-bbdd-4aca-bcd5-eb84eb74801b</Id><Value>1</Value></Option></Options></Contest><Contest><Name>Railroad Commissioner</Name><Id>203b4027-a255-49bb-aaf0-8947239f2669</Id><Options><Option><Name>Chrysta Castañeda</Name><Id>89b599a2-0873-42f5-afe7-3ce3aa0ed433</Id><Value>1</Value></Option></Options></Contest><Contest><Name>Chief Justice, Supreme Court</Name><Id>036cb2ba-c533-4dff-8ae6-b7cbcad59de0</Id><Options><Option><Name>Amy Clark Meachum</Name><Id>a2fdbf89-0139-408f-b5f4-8e23f759bedf</Id><Value>1</Value></Option></Options></Contest><Contest><Name>Justice, Supreme Court, Place No. 6
Unexpired Term</Name><Id>fdbd680c-5bb5-41d5-b1a8-1438038ee670</Id><Options><Option><Name>Kathy Cheng</Name><Id>9734634a-3b9c-4cf7-ae04-9865b004f535</Id><Value>1</Value></Option></Options></Contest><Contest><Name>Justice, Supreme Court, Place No. 7</Name><Id>656d50a6-12b1-454c-a71b-b1c99f77ccc4</Id><Options><Option><Name>Staci Williams</Name><Id>b1c86661-ffe5-4667-91e6-7c528d78725e</Id><Value>1</Value></Option></Options></Contest><Contest><Name>Justice, Supreme Court, Place No. 8</Name><Id>50fe28d7-d0f9-4fe5-975a-f5fb5b0025df</Id><Options><Option><Name>Gisela D. Triana</Name><Id>418bd86b-ad20-419d-a326-3b5428806fc5</Id><Value>1</Value></Option></Options></Contest><Contest><Name>Judge, Court of Criminal Appeals, Place No. 3</Name><Id>1ea50ff2-aa7c-4ace-bc1c-ebef7a1fe45c</Id><Options><Option><Name>Elizabeth Davis Frizell</Name><Id>972694a0-81a7-49ee-ab9a-44da72a0f8db</Id><Value>1</Value></Option></Options></Contest><Contest><Name>Judge, Court of Criminal Appeals, Place No. 4</Name><Id>7c2beefa-0931-48b0-801c-9b75ba80c6c8</Id><Options><Option><Name>Tina Clinton</Name><Id>814277f5-56c6-4229-9d30-33d4347655af</Id><Value>1</Value></Option></Options></Contest><Contest><Name>Judge, Court of Criminal Appeals, Place No. 9</Name><Id>3addfab9-c18e-4507-b0da-7aa225503684</Id><Options><Option><Name>Brandon Birmingham</Name><Id>dea6ce40-21b3-421b-a4e8-78b9e3a7de64</Id><Value>1</Value></Option></Options></Contest><Contest><Name>Member State Board of Education, District No. 8</Name><Id>818ee4c9-a7ce-41f7-8d8d-537b9f28e761</Id><Options /><Undervotes>1</Undervotes></Contest><Contest><Name>State Representative, District No. 18</Name><Id>072149b9-6a67-49f7-bc32-25b2a54aab5e</Id><Options /><Undervotes>1</Undervotes></Contest><Contest><Name>Chief Justice, 9th Court of Appeals District</Name><Id>af6814eb-0a77-467c-82e0-f52912d24494</Id><Options /><Undervotes>1</Undervotes></Contest><Contest><Name>District Judge, 411th Judicial District</Name><Id>1ff2c173-8688-4db3-b559-ed1f0a6a42f9</Id><Options /><Undervotes>1</Undervotes></Contest></Contests><SheetNumber>1</SheetNumber><PrecinctSplit><Name>5CLISD</Name><Id>807b3d75-6047-426d-ac69-239d0a4a7894</Id></PrecinctSplit></Cvr>