﻿<?xml version="1.0" encoding="utf-8"?><Cvr xmlns:xsi="http://www.w3.org/2001/XMLSchema-instance" xmlns:xsd="http://www.w3.org/2001/XMLSchema" xmlns="http://tempuri.org/CVRDesign.xsd"><Contests><Contest><Name>President and Vice President</Name><Id>3deb14c6-47e3-42bb-b814-88591e8c7948</Id><Options><Option><Name>Donald J. Trump
Michael R. Pence</Name><Id>33adf4b0-27a8-4d15-819f-92c6ccd69270</Id><Value>1</Value></Option></Options></Contest><Contest><Name>United States Senator</Name><Id>50a7c6bd-b4cc-4583-9b1e-e1e194358e49</Id><Options><Option><Name>John Cornyn</Name><Id>64f86068-d056-4621-b6e2-dc7b6d728e4d</Id><Value>1</Value></Option></Options></Contest><Contest><Name>United States Representative, District No. 8</Name><Id>f551b99e-7406-44b9-8fcd-54a736765bc2</Id><Options><Option><Name>Kevin Brady</Name><Id>ef4b5ca8-c70d-4b1a-a6a9-6232c5a33861</Id><Value>1</Value></Option></Options></Contest><Contest><Name>Railroad Commissioner</Name><Id>203b4027-a255-49bb-aaf0-8947239f2669</Id><Options><Option><Name>James "Jim" Wright</Name><Id>f8e3716a-8f1e-4a04-95d7-9d48dafbe1a9</Id><Value>1</Value></Option></Options></Contest><Contest><Name>Chief Justice, Supreme Court</Name><Id>036cb2ba-c533-4dff-8ae6-b7cbcad59de0</Id><Options><Option><Name>Nathan Hecht</Name><Id>03f5d673-d632-4ee6-884f-eb3a192d6267</Id><Value>1</Value></Option></Options></Contest><Contest><Name>Justice, Supreme Court, Place No. 6
Unexpired Term</Name><Id>fdbd680c-5bb5-41d5-b1a8-1438038ee670</Id><Options><Option><Name>Jane Bland</Name><Id>a0290861-e2f0-407e-8216-0ec441a85422</Id><Value>1</Value></Option></Options></Contest><Contest><Name>Justice, Supreme Court, Place No. 7</Name><Id>656d50a6-12b1-454c-a71b-b1c99f77ccc4</Id><Options><Option><Name>Jeff Boyd</Name><Id>72dbc253-d9a4-4c5d-a154-81ec87644eac</Id><Value>1</Value></Option></Options></Contest><Contest><Name>Justice, Supreme Court, Place No. 8</Name><Id>50fe28d7-d0f9-4fe5-975a-f5fb5b0025df</Id><Options><Option><Name>Brett Busby</Name><Id>6dcfca56-d97f-4363-90aa-b7e11f40d4eb</Id><Value>1</Value></Option></Options></Contest><Contest><Name>Judge, Court of Criminal Appeals, Place No. 3</Name><Id>1ea50ff2-aa7c-4ace-bc1c-ebef7a1fe45c</Id><Options><Option><Name>Bert Richardson</Name><Id>51d3486f-d1fb-4836-967f-2a4abb3db4fa</Id><Value>1</Value></Option></Options></Contest><Contest><Name>Judge, Court of Criminal Appeals, Place No. 4</Name><Id>7c2beefa-0931-48b0-801c-9b75ba80c6c8</Id><Options><Option><Name>Kevin Patrick Yeary</Name><Id>31649e89-0726-403e-b1a9-765d93874a34</Id><Value>1</Value></Option></Options></Contest><Contest><Name>Judge, Court of Criminal Appeals, Place No. 9</Name><Id>3addfab9-c18e-4507-b0da-7aa225503684</Id><Options><Option><Name>David Newell</Name><Id>6ad3959d-a0fe-4fa0-9620-bf51eaeb794e</Id><Value>1</Value></Option></Options></Contest><Contest><Name>Member State Board of Education, District No. 8</Name><Id>818ee4c9-a7ce-41f7-8d8d-537b9f28e761</Id><Options><Option><Name>Audrey Young</Name><Id>040efeee-3a9a-4ac2-a0c1-5fbeeb9b1222</Id><Value>1</Value></Option></Options></Contest><Contest><Name>State Representative, District No. 18</Name><Id>072149b9-6a67-49f7-bc32-25b2a54aab5e</Id><Options><Option><Name>Ernest Bailes</Name><Id>3f2eba21-383d-4e03-975b-dd999ad7151e</Id><Value>1</Value></Option></Options></Contest><Contest><Name>Chief Justice, 9th Court of Appeals District</Name><Id>af6814eb-0a77-467c-82e0-f52912d24494</Id><Options><Option><Name>Scott Golemon</Name><Id>be6af189-69a4-4a6f-8873-b7db72721cf1</Id><Value>1</Value></Option></Options></Contest><Contest><Name>District Judge, 411th Judicial District</Name><Id>1ff2c173-8688-4db3-b559-ed1f0a6a42f9</Id><Options><Option><Name>John Wells</Name><Id>7514a4ab-5392-43b7-82e6-7861e4fe3804</Id><Value>1</Value></Option></Options></Contest><Contest><Name>Sheriff</Name><Id>7d2ebae5-45aa-45c8-99f6-bf63e64d3631</Id><Options><Option><Name>Greg Capers</Name><Id>79531b5b-4130-4638-babe-9ce38bff88cb</Id><Value>1</Value></Option></Options></Contest><Contest><Name>County Tax Assessor-Collector</Name><Id>435553ee-b472-48e0-89ea-560a674f557a</Id><Options><Option><Name>Betty Davis</Name><Id>fc99bacc-c04b-43d5-ac1e-db528c572baa</Id><Value>1</Value></Option></Options></Contest><Contest><Name>County Commissioner
Precinct 1</Name><Id>7c0e3e27-3a3d-488c-b8ed-f47897867c6b</Id><Options /><Undervotes>1</Undervotes></Contest><Contest><Name>County Constable 
Precinct 1</Name><Id>3338f3dc-3f87-4f11-b8c1-67ede4f367e5</Id><Options><Option><Name>Roy Rogers</Name><Id>05910843-a3e1-4363-a5d2-de4b971c1e08</Id><Value>1</Value></Option></Options></Contest><Contest><Name>Coldspring-Oakhurst Consolidated Independent School District
Trustee, Position 5</Name><Id>78f83f63-89b3-4705-884f-ed0dde32c822</Id><Options><Option><Name>William B. Baker</Name><Id>3baeafc5-b029-4056-86c1-6782c2f06f9a</Id><Value>1</Value></Option></Options></Contest><Contest><Name>Coldspring-Oakhurst Consolidated Independent School District
Trustee, Position 6</Name><Id>a0d9113d-28d9-49a6-8ea9-cd4f8ad0d278</Id><Options><Option><Name>Paul Buchanan</Name><Id>ffdfdd43-8fda-43f5-9180-0859bb60b6d0</Id><Value>1</Value></Option></Options></Contest><Contest><Name>Coldspring-Oakhurst Consolidated Independent School District
Trustee, Position 7</Name><Id>0416e68c-ce3c-4ce7-9369-1593206ec382</Id><Options><Option><Name>Daniel Williams</Name><Id>28c82c48-2901-4d45-8cfc-ba22dedfe1c7</Id><Value>1</Value></Option></Options></Contest></Contests><SheetNumber>1</SheetNumber><PrecinctSplit><Name>1COCISD</Name><Id>bb5de8a6-5f82-478d-a742-d8ac9d89080f</Id></PrecinctSplit></Cvr>