﻿<?xml version="1.0" encoding="utf-8"?><Cvr xmlns:xsi="http://www.w3.org/2001/XMLSchema-instance" xmlns:xsd="http://www.w3.org/2001/XMLSchema" xmlns="http://tempuri.org/CVRDesign.xsd"><Contests><Contest><Name>President and Vice President</Name><Id>3deb14c6-47e3-42bb-b814-88591e8c7948</Id><Options><Option><Name>Joseph R. Biden
Kamala D. Harris</Name><Id>a3a6cf61-e81a-4cb3-8ad2-4a04e2ecf238</Id><Value>1</Value></Option></Options></Contest><Contest><Name>United States Senator</Name><Id>50a7c6bd-b4cc-4583-9b1e-e1e194358e49</Id><Options><Option><Name>John Cornyn</Name><Id>64f86068-d056-4621-b6e2-dc7b6d728e4d</Id><Value>1</Value></Option></Options></Contest><Contest><Name>United States Representative, District No. 8</Name><Id>f551b99e-7406-44b9-8fcd-54a736765bc2</Id><Options><Option><Name>Kevin Brady</Name><Id>ef4b5ca8-c70d-4b1a-a6a9-6232c5a33861</Id><Value>1</Value></Option></Options></Contest><Contest><Name>Railroad Commissioner</Name><Id>203b4027-a255-49bb-aaf0-8947239f2669</Id><Options /><Undervotes>1</Undervotes></Contest><Contest><Name>Chief Justice, Supreme Court</Name><Id>036cb2ba-c533-4dff-8ae6-b7cbcad59de0</Id><Options><Option><Name>Nathan Hecht</Name><Id>03f5d673-d632-4ee6-884f-eb3a192d6267</Id><Value>1</Value></Option></Options></Contest><Contest><Name>Justice, Supreme Court, Place No. 6
Unexpired Term</Name><Id>fdbd680c-5bb5-41d5-b1a8-1438038ee670</Id><Options /><Undervotes>1</Undervotes></Contest><Contest><Name>Justice, Supreme Court, Place No. 7</Name><Id>656d50a6-12b1-454c-a71b-b1c99f77ccc4</Id><Options><Option><Name>Jeff Boyd</Name><Id>72dbc253-d9a4-4c5d-a154-81ec87644eac</Id><Value>1</Value></Option></Options></Contest><Contest><Name>Justice, Supreme Court, Place No. 8</Name><Id>50fe28d7-d0f9-4fe5-975a-f5fb5b0025df</Id><Options><Option><Name>Brett Busby</Name><Id>6dcfca56-d97f-4363-90aa-b7e11f40d4eb</Id><Value>1</Value></Option></Options></Contest><Contest><Name>Judge, Court of Criminal Appeals, Place No. 3</Name><Id>1ea50ff2-aa7c-4ace-bc1c-ebef7a1fe45c</Id><Options /><Undervotes>1</Undervotes></Contest><Contest><Name>Judge, Court of Criminal Appeals, Place No. 4</Name><Id>7c2beefa-0931-48b0-801c-9b75ba80c6c8</Id><Options /><Undervotes>1</Undervotes></Contest><Contest><Name>Judge, Court of Criminal Appeals, Place No. 9</Name><Id>3addfab9-c18e-4507-b0da-7aa225503684</Id><Options /><Undervotes>1</Undervotes></Contest><Contest><Name>Member State Board of Education, District No. 8</Name><Id>818ee4c9-a7ce-41f7-8d8d-537b9f28e761</Id><Options /><Undervotes>1</Undervotes></Contest><Contest><Name>State Representative, District No. 18</Name><Id>072149b9-6a67-49f7-bc32-25b2a54aab5e</Id><Options /><Undervotes>1</Undervotes></Contest><Contest><Name>Chief Justice, 9th Court of Appeals District</Name><Id>af6814eb-0a77-467c-82e0-f52912d24494</Id><Options /><Undervotes>1</Undervotes></Contest><Contest><Name>District Judge, 411th Judicial District</Name><Id>1ff2c173-8688-4db3-b559-ed1f0a6a42f9</Id><Options /><Undervotes>1</Undervotes></Contest><Contest><Name>Sheriff</Name><Id>7d2ebae5-45aa-45c8-99f6-bf63e64d3631</Id><Options /><Undervotes>1</Undervotes></Contest><Contest><Name>County Tax Assessor-Collector</Name><Id>435553ee-b472-48e0-89ea-560a674f557a</Id><Options><Option><Name>Betty Davis</Name><Id>fc99bacc-c04b-43d5-ac1e-db528c572baa</Id><Value>1</Value></Option></Options></Contest><Contest><Name>County Commissioner
Precinct 1</Name><Id>7c0e3e27-3a3d-488c-b8ed-f47897867c6b</Id><Options /><Undervotes>1</Undervotes></Contest><Contest><Name>County Constable 
Precinct 1</Name><Id>3338f3dc-3f87-4f11-b8c1-67ede4f367e5</Id><Options><Option><Name>Roy Rogers</Name><Id>05910843-a3e1-4363-a5d2-de4b971c1e08</Id><Value>1</Value></Option></Options></Contest></Contests><SheetNumber>1</SheetNumber><PrecinctSplit><Name>13</Name><Id>9900f030-5d33-4f87-b23b-c56b9f7750e3</Id></PrecinctSplit></Cvr>