﻿<?xml version="1.0" encoding="utf-8"?><Cvr xmlns:xsi="http://www.w3.org/2001/XMLSchema-instance" xmlns:xsd="http://www.w3.org/2001/XMLSchema" xmlns="http://tempuri.org/CVRDesign.xsd"><Contests><Contest><Name>Proposition #4</Name><Id>f772c59f-988b-45f4-8653-7d9b6c3171fc</Id><Options><Option><Name>Yes</Name><Id>cbb654bc-c16e-4c01-a642-d892bff42289</Id><Value>1</Value></Option></Options></Contest><Contest><Name>Proposition #5</Name><Id>01d3eb45-fecf-4459-92cc-726197f77a2f</Id><Options><Option><Name>Yes</Name><Id>fd6d5534-19c7-4df2-a476-b93895ca97ac</Id><Value>1</Value></Option></Options></Contest><Contest><Name>Proposition #6</Name><Id>43efde21-0125-4a79-8831-a68df45d0086</Id><Options><Option><Name>Yes</Name><Id>264f01bd-c6b3-4ee6-9ae4-8df0af658e0f</Id><Value>1</Value></Option></Options></Contest><Contest><Name>Proposition #7</Name><Id>cb85a636-1200-4279-8d03-46d5d66c9ad5</Id><Options><Option><Name>Yes</Name><Id>f89ce18c-bbc0-43cd-b1dc-875fd20cbb17</Id><Value>1</Value></Option></Options></Contest><Contest><Name>Proposition #8</Name><Id>4fa72c33-6ef9-4371-8b06-4f23f7e03e36</Id><Options><Option><Name>Yes</Name><Id>74e1f11a-0c11-4d08-b8af-07b33bc0f8a0</Id><Value>1</Value></Option></Options></Contest><Contest><Name>Proposition #9</Name><Id>ac251f44-e0d3-45e7-a4e0-680706a5335f</Id><Options><Option><Name>Yes</Name><Id>b2bd4838-b36a-4654-bd9d-0b980b8050bb</Id><Value>1</Value></Option></Options></Contest><Contest><Name>Proposition #10</Name><Id>6c176b3e-4f74-4f4d-9edd-9bdb7e0d2e70</Id><Options><Option><Name>Yes</Name><Id>c93fe327-8da7-45eb-af94-2fd275f83659</Id><Value>1</Value></Option></Options></Contest><Contest><Name>Proposition #11</Name><Id>2a0a7b37-55da-42d9-862a-92ce89b7eae5</Id><Options><Option><Name>No</Name><Id>36ff3c45-b338-4e9d-a659-b74ad3878fed</Id><Value>1</Value></Option></Options></Contest></Contests><SheetNumber>2</SheetNumber><PrecinctSplit><Name>7</Name><Id>14feeef9-3299-47b1-a173-96a8c35ba107</Id></PrecinctSplit><Party><Name>Democratic Party</Name><Id>bb4cd76b-ede1-43d2-9c36-ab334fb9f9c9</Id></Party></Cvr>