﻿<?xml version="1.0" encoding="utf-8"?><Cvr xmlns:xsi="http://www.w3.org/2001/XMLSchema-instance" xmlns:xsd="http://www.w3.org/2001/XMLSchema" xmlns="http://tempuri.org/CVRDesign.xsd"><Contests><Contest><Name>President</Name><Id>1b094dee-c2d4-41db-ac1d-7863774ba656</Id><Options><Option><Name>Joseph R. Biden</Name><Id>ab92d371-2f25-4b7b-bd0f-ccc9e2930a9f</Id><Value>1</Value></Option></Options></Contest><Contest><Name>United States Senator</Name><Id>0bcd34ca-24d0-478a-b266-0d61308c8c12</Id><Options><Option><Name>Chris Bell</Name><Id>f5a968b6-d64f-46f9-af61-3b85316c5be5</Id><Value>1</Value></Option></Options></Contest><Contest><Name>United States Representative,
District No. 8</Name><Id>07b03a53-44b6-4f79-8016-4580b189860d</Id><Options><Option><Name>Elizabeth Hernandez</Name><Id>cd76a8fc-4c4b-4a12-baf3-1f2dd5627a06</Id><Value>1</Value></Option></Options></Contest><Contest><Name>Railroad Commissioner</Name><Id>9279add7-d605-4cef-8d9b-4da42d59fafe</Id><Options><Option><Name>Mark Watson</Name><Id>fb78527a-098a-48eb-a790-d22727969707</Id><Value>1</Value></Option></Options></Contest><Contest><Name>Chief Justice, Supreme Court</Name><Id>b9c74699-de46-42f1-8685-4ef23dc2f80d</Id><Options><Option><Name>Amy Clark Meachum</Name><Id>335e7b82-37ab-4b31-a6c0-4ab2763e204b</Id><Value>1</Value></Option></Options></Contest><Contest><Name>Justice, Supreme Court, Place 6
Unexpired Term</Name><Id>4ebecc23-3966-4866-9bba-e1ee1f0dd00e</Id><Options><Option><Name>Larry Praeger</Name><Id>7942c7cf-5bcf-491b-ac1b-83a526df09e4</Id><Value>1</Value></Option></Options></Contest><Contest><Name>Justice, Supreme Court, Place 7</Name><Id>d886f2c0-d79c-4a8d-b0c4-3ae1c9e3341a</Id><Options><Option><Name>Staci Williams</Name><Id>6b4ec849-3fff-497a-a06d-940705d9f8ef</Id><Value>1</Value></Option></Options></Contest><Contest><Name>Justice, Supreme Court, Place 8</Name><Id>d979f665-91fd-45c5-a848-3a93c38dc6e5</Id><Options><Option><Name>Peter Kelly</Name><Id>7dcf17f2-0544-41bf-aaaf-d4893ac42d98</Id><Value>1</Value></Option></Options></Contest><Contest><Name>Judge, Court of Criminal Appeals, Place 3</Name><Id>8779ae94-c8d0-4f51-b753-727b57ce96f8</Id><Options><Option><Name>Dan Wood</Name><Id>74a5c347-ec07-4d5b-a6c6-7bd3873044c9</Id><Value>1</Value></Option></Options></Contest><Contest><Name>Judge, Court of Criminal Appeals, Place 4</Name><Id>8db9b5c6-ece6-4881-9c6c-b2eb2bd70db7</Id><Options><Option><Name>Steven Miears</Name><Id>7ffb79f6-1b2f-472d-90ec-6180de2ada47</Id><Value>1</Value></Option></Options></Contest><Contest><Name>Judge, Court of Criminal Appeals, Place 9</Name><Id>1180f531-d79f-4fa3-bfde-7120a46b40b5</Id><Options /><Undervotes>1</Undervotes></Contest><Contest><Name>San Jacinto County Chairman</Name><Id>db290748-7d22-4494-808c-160a068c0a38</Id><Options><Option><Name>Jacqueline Mier</Name><Id>d63b917d-ea00-4f21-83bd-c188423e1186</Id><Value>1</Value></Option></Options></Contest><Contest><Name>Proposition #1</Name><Id>896c7861-666a-4421-a698-05d856bd50f1</Id><Options><Option><Name>Yes</Name><Id>7d59834c-6005-4bce-a0e1-d167a3f8abf4</Id><Value>1</Value></Option></Options></Contest><Contest><Name>Proposition #2</Name><Id>f22ca2e5-c02a-4905-a5dd-5b63dd9f7462</Id><Options><Option><Name>Yes</Name><Id>c07356c3-47d4-4d95-b2f4-a5f16e9dbe7b</Id><Value>1</Value></Option></Options></Contest><Contest><Name>Proposition #3</Name><Id>be3fa74f-2d1e-4133-be37-4f8a9eb93d99</Id><Options><Option><Name>Yes</Name><Id>42617b35-67fd-4d8f-9064-2276be5d9637</Id><Value>1</Value></Option></Options></Contest></Contests><SheetNumber>1</SheetNumber><PrecinctSplit><Name>2</Name><Id>ecd09def-a49b-45ae-b2b3-22fc2802dc03</Id></PrecinctSplit><Party><Name>Democratic Party</Name><Id>bb4cd76b-ede1-43d2-9c36-ab334fb9f9c9</Id></Party></Cvr>