﻿<?xml version="1.0" encoding="utf-8"?><Cvr xmlns:xsi="http://www.w3.org/2001/XMLSchema-instance" xmlns:xsd="http://www.w3.org/2001/XMLSchema" xmlns="http://tempuri.org/CVRDesign.xsd"><Contests><Contest><Name>President</Name><Id>1b094dee-c2d4-41db-ac1d-7863774ba656</Id><Options><Option><Name>Elizabeth Warren</Name><Id>5002cf50-f00b-48aa-9b98-0295d94b76ee</Id><Value>1</Value></Option></Options></Contest><Contest><Name>United States Senator</Name><Id>0bcd34ca-24d0-478a-b266-0d61308c8c12</Id><Options><Option><Name>Royce West</Name><Id>b8842911-1b5e-4678-908c-710abdcd6ac6</Id><Value>1</Value></Option></Options></Contest><Contest><Name>United States Representative,
District No. 8</Name><Id>07b03a53-44b6-4f79-8016-4580b189860d</Id><Options /><Undervotes>1</Undervotes></Contest><Contest><Name>Railroad Commissioner</Name><Id>9279add7-d605-4cef-8d9b-4da42d59fafe</Id><Options /><Undervotes>1</Undervotes></Contest><Contest><Name>Chief Justice, Supreme Court</Name><Id>b9c74699-de46-42f1-8685-4ef23dc2f80d</Id><Options><Option><Name>Amy Clark Meachum</Name><Id>335e7b82-37ab-4b31-a6c0-4ab2763e204b</Id><Value>1</Value></Option></Options></Contest><Contest><Name>Justice, Supreme Court, Place 6
Unexpired Term</Name><Id>4ebecc23-3966-4866-9bba-e1ee1f0dd00e</Id><Options /><Undervotes>1</Undervotes></Contest><Contest><Name>Justice, Supreme Court, Place 7</Name><Id>d886f2c0-d79c-4a8d-b0c4-3ae1c9e3341a</Id><Options /><Undervotes>1</Undervotes></Contest><Contest><Name>Justice, Supreme Court, Place 8</Name><Id>d979f665-91fd-45c5-a848-3a93c38dc6e5</Id><Options><Option><Name>Gisela D. Triana</Name><Id>14d63439-49eb-4830-9f20-60ad85bda0f4</Id><Value>1</Value></Option></Options></Contest><Contest><Name>Judge, Court of Criminal Appeals, Place 3</Name><Id>8779ae94-c8d0-4f51-b753-727b57ce96f8</Id><Options /><Undervotes>1</Undervotes></Contest><Contest><Name>Judge, Court of Criminal Appeals, Place 4</Name><Id>8db9b5c6-ece6-4881-9c6c-b2eb2bd70db7</Id><Options /><Undervotes>1</Undervotes></Contest><Contest><Name>Judge, Court of Criminal Appeals, Place 9</Name><Id>1180f531-d79f-4fa3-bfde-7120a46b40b5</Id><Options /><Undervotes>1</Undervotes></Contest><Contest><Name>Constable, Precinct 4</Name><Id>3c5594c0-d222-487d-93c5-f3daaae5fd37</Id><Options /><Undervotes>1</Undervotes></Contest><Contest><Name>San Jacinto County Chairman</Name><Id>db290748-7d22-4494-808c-160a068c0a38</Id><Options /><Undervotes>1</Undervotes></Contest><Contest><Name>Proposition #1</Name><Id>896c7861-666a-4421-a698-05d856bd50f1</Id><Options><Option><Name>No</Name><Id>08c2f9c7-8fbe-4301-a37a-122b5e34eebf</Id><Value>1</Value></Option></Options></Contest><Contest><Name>Proposition #2</Name><Id>f22ca2e5-c02a-4905-a5dd-5b63dd9f7462</Id><Options /><Undervotes>1</Undervotes></Contest><Contest><Name>Proposition #3</Name><Id>be3fa74f-2d1e-4133-be37-4f8a9eb93d99</Id><Options><Option><Name>Yes</Name><Id>42617b35-67fd-4d8f-9064-2276be5d9637</Id><Value>1</Value></Option></Options></Contest><Contest><Name>Proposition #4</Name><Id>f772c59f-988b-45f4-8653-7d9b6c3171fc</Id><Options><Option><Name>No</Name><Id>ca084523-f02e-40a4-8f3d-4681eabd158a</Id><Value>1</Value></Option></Options></Contest><Contest><Name>Proposition #5</Name><Id>01d3eb45-fecf-4459-92cc-726197f77a2f</Id><Options><Option><Name>No</Name><Id>9c4d9523-e032-42db-9ef5-cc6695d72f67</Id><Value>1</Value></Option></Options></Contest><Contest><Name>Proposition #6</Name><Id>43efde21-0125-4a79-8831-a68df45d0086</Id><Options><Option><Name>Yes</Name><Id>264f01bd-c6b3-4ee6-9ae4-8df0af658e0f</Id><Value>1</Value></Option></Options></Contest><Contest><Name>Proposition #7</Name><Id>cb85a636-1200-4279-8d03-46d5d66c9ad5</Id><Options><Option><Name>No</Name><Id>bd97350d-0fd8-42c6-9e57-4e5a6d980246</Id><Value>1</Value></Option></Options></Contest><Contest><Name>Proposition #8</Name><Id>4fa72c33-6ef9-4371-8b06-4f23f7e03e36</Id><Options><Option><Name>No</Name><Id>28a98386-f2bc-404e-a1a4-8656f7355116</Id><Value>1</Value></Option></Options></Contest><Contest><Name>Proposition #9</Name><Id>ac251f44-e0d3-45e7-a4e0-680706a5335f</Id><Options><Option><Name>No</Name><Id>819584d2-e469-44bc-af87-d3970b568fd9</Id><Value>1</Value></Option></Options></Contest><Contest><Name>Proposition #10</Name><Id>6c176b3e-4f74-4f4d-9edd-9bdb7e0d2e70</Id><Options><Option><Name>Yes</Name><Id>c93fe327-8da7-45eb-af94-2fd275f83659</Id><Value>1</Value></Option></Options></Contest><Contest><Name>Proposition #11</Name><Id>2a0a7b37-55da-42d9-862a-92ce89b7eae5</Id><Options><Option><Name>Yes</Name><Id>482353d2-9b80-4f13-9839-d1bbcbffe08d</Id><Value>1</Value></Option></Options></Contest></Contests><SheetNumber>1</SheetNumber><PrecinctSplit><Name>7</Name><Id>14feeef9-3299-47b1-a173-96a8c35ba107</Id></PrecinctSplit><Party><Name>Democratic Party</Name><Id>bb4cd76b-ede1-43d2-9c36-ab334fb9f9c9</Id></Party></Cvr>