﻿<?xml version="1.0" encoding="utf-8"?><Cvr xmlns:xsi="http://www.w3.org/2001/XMLSchema-instance" xmlns:xsd="http://www.w3.org/2001/XMLSchema" xmlns="http://tempuri.org/CVRDesign.xsd"><Contests><Contest><Name>President</Name><Id>1b094dee-c2d4-41db-ac1d-7863774ba656</Id><Options><Option><Name>Michael R. Bloomberg</Name><Id>2cac606f-e6c7-4073-83cb-f28463401449</Id><Value>1</Value></Option></Options></Contest><Contest><Name>United States Senator</Name><Id>0bcd34ca-24d0-478a-b266-0d61308c8c12</Id><Options /><Undervotes>1</Undervotes></Contest><Contest><Name>United States Representative,
District No. 8</Name><Id>07b03a53-44b6-4f79-8016-4580b189860d</Id><Options /><Undervotes>1</Undervotes></Contest><Contest><Name>Railroad Commissioner</Name><Id>9279add7-d605-4cef-8d9b-4da42d59fafe</Id><Options /><Undervotes>1</Undervotes></Contest><Contest><Name>Chief Justice, Supreme Court</Name><Id>b9c74699-de46-42f1-8685-4ef23dc2f80d</Id><Options /><Undervotes>1</Undervotes></Contest><Contest><Name>Justice, Supreme Court, Place 6
Unexpired Term</Name><Id>4ebecc23-3966-4866-9bba-e1ee1f0dd00e</Id><Options /><Undervotes>1</Undervotes></Contest><Contest><Name>Justice, Supreme Court, Place 7</Name><Id>d886f2c0-d79c-4a8d-b0c4-3ae1c9e3341a</Id><Options /><Undervotes>1</Undervotes></Contest><Contest><Name>Justice, Supreme Court, Place 8</Name><Id>d979f665-91fd-45c5-a848-3a93c38dc6e5</Id><Options /><Undervotes>1</Undervotes></Contest><Contest><Name>Judge, Court of Criminal Appeals, Place 3</Name><Id>8779ae94-c8d0-4f51-b753-727b57ce96f8</Id><Options /><Undervotes>1</Undervotes></Contest><Contest><Name>Judge, Court of Criminal Appeals, Place 4</Name><Id>8db9b5c6-ece6-4881-9c6c-b2eb2bd70db7</Id><Options /><Undervotes>1</Undervotes></Contest><Contest><Name>Judge, Court of Criminal Appeals, Place 9</Name><Id>1180f531-d79f-4fa3-bfde-7120a46b40b5</Id><Options /><Undervotes>1</Undervotes></Contest><Contest><Name>Constable, Precinct 4</Name><Id>3c5594c0-d222-487d-93c5-f3daaae5fd37</Id><Options /><Undervotes>1</Undervotes></Contest><Contest><Name>San Jacinto County Chairman</Name><Id>db290748-7d22-4494-808c-160a068c0a38</Id><Options /><Undervotes>1</Undervotes></Contest><Contest><Name>Proposition #1</Name><Id>896c7861-666a-4421-a698-05d856bd50f1</Id><Options><Option><Name>Yes</Name><Id>7d59834c-6005-4bce-a0e1-d167a3f8abf4</Id><Value>1</Value></Option></Options></Contest><Contest><Name>Proposition #2</Name><Id>f22ca2e5-c02a-4905-a5dd-5b63dd9f7462</Id><Options><Option><Name>Yes</Name><Id>c07356c3-47d4-4d95-b2f4-a5f16e9dbe7b</Id><Value>1</Value></Option></Options></Contest><Contest><Name>Proposition #3</Name><Id>be3fa74f-2d1e-4133-be37-4f8a9eb93d99</Id><Options><Option><Name>Yes</Name><Id>42617b35-67fd-4d8f-9064-2276be5d9637</Id><Value>1</Value></Option></Options></Contest></Contests><SheetNumber>1</SheetNumber><PrecinctSplit><Name>7</Name><Id>14feeef9-3299-47b1-a173-96a8c35ba107</Id></PrecinctSplit><Party><Name>Democratic Party</Name><Id>bb4cd76b-ede1-43d2-9c36-ab334fb9f9c9</Id></Party></Cvr>