﻿<?xml version="1.0" encoding="utf-8"?><Cvr xmlns:xsi="http://www.w3.org/2001/XMLSchema-instance" xmlns:xsd="http://www.w3.org/2001/XMLSchema" xmlns="http://tempuri.org/CVRDesign.xsd"><Contests><Contest><Name>President</Name><Id>1b094dee-c2d4-41db-ac1d-7863774ba656</Id><Options><Option><Name>Pete Buttigieg</Name><Id>fca8ecfc-aa18-472b-bd65-b83a30aa2eef</Id><Value>1</Value></Option></Options></Contest><Contest><Name>United States Senator</Name><Id>0bcd34ca-24d0-478a-b266-0d61308c8c12</Id><Options><Option><Name>Mary "MJ" Hegar</Name><Id>c91b5227-5ebd-4612-a1dc-b6d6421ca9b5</Id><Value>1</Value></Option></Options></Contest><Contest><Name>United States Representative,
District No. 8</Name><Id>07b03a53-44b6-4f79-8016-4580b189860d</Id><Options><Option><Name>Laura Jones</Name><Id>eb0d037e-8cc0-44cd-9fa1-75182e476ae3</Id><Value>1</Value></Option></Options></Contest><Contest><Name>Railroad Commissioner</Name><Id>9279add7-d605-4cef-8d9b-4da42d59fafe</Id><Options><Option><Name>Mark Watson</Name><Id>fb78527a-098a-48eb-a790-d22727969707</Id><Value>1</Value></Option></Options></Contest><Contest><Name>Chief Justice, Supreme Court</Name><Id>b9c74699-de46-42f1-8685-4ef23dc2f80d</Id><Options><Option><Name>Amy Clark Meachum</Name><Id>335e7b82-37ab-4b31-a6c0-4ab2763e204b</Id><Value>1</Value></Option></Options></Contest><Contest><Name>Justice, Supreme Court, Place 6
Unexpired Term</Name><Id>4ebecc23-3966-4866-9bba-e1ee1f0dd00e</Id><Options><Option><Name>Larry Praeger</Name><Id>7942c7cf-5bcf-491b-ac1b-83a526df09e4</Id><Value>1</Value></Option></Options></Contest><Contest><Name>Justice, Supreme Court, Place 7</Name><Id>d886f2c0-d79c-4a8d-b0c4-3ae1c9e3341a</Id><Options><Option><Name>Staci Williams</Name><Id>6b4ec849-3fff-497a-a06d-940705d9f8ef</Id><Value>1</Value></Option></Options></Contest><Contest><Name>Justice, Supreme Court, Place 8</Name><Id>d979f665-91fd-45c5-a848-3a93c38dc6e5</Id><Options><Option><Name>Gisela D. Triana</Name><Id>14d63439-49eb-4830-9f20-60ad85bda0f4</Id><Value>1</Value></Option></Options></Contest><Contest><Name>Judge, Court of Criminal Appeals, Place 3</Name><Id>8779ae94-c8d0-4f51-b753-727b57ce96f8</Id><Options><Option><Name>Dan Wood</Name><Id>74a5c347-ec07-4d5b-a6c6-7bd3873044c9</Id><Value>1</Value></Option></Options></Contest><Contest><Name>Judge, Court of Criminal Appeals, Place 4</Name><Id>8db9b5c6-ece6-4881-9c6c-b2eb2bd70db7</Id><Options><Option><Name>Tina Clinton</Name><Id>f56d6642-f465-4841-a4bc-def955b96457</Id><Value>1</Value></Option></Options></Contest><Contest><Name>Judge, Court of Criminal Appeals, Place 9</Name><Id>1180f531-d79f-4fa3-bfde-7120a46b40b5</Id><Options><Option><Name>Brandon Birmingham</Name><Id>8983bf8f-4730-4ff8-bf03-71b4b0348983</Id><Value>1</Value></Option></Options></Contest><Contest><Name>San Jacinto County Chairman</Name><Id>db290748-7d22-4494-808c-160a068c0a38</Id><Options><Option><Name>Jacqueline Mier</Name><Id>d63b917d-ea00-4f21-83bd-c188423e1186</Id><Value>1</Value></Option></Options></Contest><Contest><Name>Proposition #1</Name><Id>896c7861-666a-4421-a698-05d856bd50f1</Id><Options><Option><Name>No</Name><Id>08c2f9c7-8fbe-4301-a37a-122b5e34eebf</Id><Value>1</Value></Option></Options></Contest><Contest><Name>Proposition #2</Name><Id>f22ca2e5-c02a-4905-a5dd-5b63dd9f7462</Id><Options><Option><Name>No</Name><Id>6b33eae9-a89e-4efc-adb6-7c74aec0e092</Id><Value>1</Value></Option></Options></Contest><Contest><Name>Proposition #3</Name><Id>be3fa74f-2d1e-4133-be37-4f8a9eb93d99</Id><Options><Option><Name>Yes</Name><Id>42617b35-67fd-4d8f-9064-2276be5d9637</Id><Value>1</Value></Option></Options></Contest></Contests><SheetNumber>1</SheetNumber><PrecinctSplit><Name>1</Name><Id>9b972890-c596-436c-b4ea-24bbaf9baaf8</Id></PrecinctSplit><Party><Name>Democratic Party</Name><Id>bb4cd76b-ede1-43d2-9c36-ab334fb9f9c9</Id></Party></Cvr>