COUNTY NUMBER,PRECINCT CODE,PRECINCT NAME,REGISTERED VOTERS TOTAL,BALLOTS CAST - Republican,BALLOTS CAST BLANK,"REP District Judge, 401st Judicial District","REP District Judge, 401st Judicial District","REP District Judge, 401st Judicial District","REP District Judge, 401st Judicial District",
,,,,REP,,REP,REP,REP,REP,
,,,VOTERS,BALLOTS CAST,BALLOTS CAST,George Flint,Sarah Fox,OVER VOTES,UNDER VOTES,
043,0001,001,2582,44,0,24,20,0,0,
043,0001,001,2582,26,0,18,8,0,0,
043,0001,001,2582,4,0,3,1,0,0,
043,0001,001,2582,0,0,0,0,0,0,
043,0001,001,2582,0,0,0,0,0,0,
043,0002,002,4195,42,0,25,17,0,0,
043,0002,002,4195,45,0,35,10,0,0,
043,0002,002,4195,5,1,1,3,0,1,
043,0002,002,4195,0,0,0,0,0,0,
043,0002,002,4195,0,0,0,0,0,0,
043,0003,003,2473,9,0,3,6,0,0,
043,0003,003,2473,9,1,4,4,0,1,
043,0003,003,2473,0,0,0,0,0,0,
043,0003,003,2473,0,0,0,0,0,0,
043,0003,003,2473,0,0,0,0,0,0,
043,0004,004,1965,26,1,15,10,0,1,
043,0004,004,1965,35,0,22,13,0,0,
043,0004,004,1965,1,0,0,1,0,0,
043,0004,004,1965,0,0,0,0,0,0,
043,0004,004,1965,0,0,0,0,0,0,
043,0005,005,1015,20,0,16,4,0,0,
043,0005,005,1015,28,0,21,7,0,0,
043,0005,005,1015,11,0,7,4,0,0,
043,0005,005,1015,0,0,0,0,0,0,
043,0005,005,1015,0,0,0,0,0,0,
043,0006,006,1456,14,0,12,2,0,0,
043,0006,006,1456,16,0,11,5,0,0,
043,0006,006,1456,2,0,2,0,0,0,
043,0006,006,1456,0,0,0,0,0,0,
043,0006,006,1456,0,0,0,0,0,0,
043,0007,007,1519,19,0,14,5,0,0,
043,0007,007,1519,24,0,18,6,0,0,
043,0007,007,1519,13,0,3,10,0,0,
043,0007,007,1519,0,0,0,0,0,0,
043,0007,007,1519,0,0,0,0,0,0,
043,0008,008,2852,28,0,22,6,0,0,
043,0008,008,2852,21,0,16,5,0,0,
043,0008,008,2852,5,0,5,0,0,0,
043,0008,008,2852,0,0,0,0,0,0,
043,0008,008,2852,0,0,0,0,0,0,
043,0009,009,2809,42,0,30,12,0,0,
043,0009,009,2809,30,0,19,11,0,0,
043,0009,009,2809,2,0,0,2,0,0,
043,0009,009,2809,0,0,0,0,0,0,
043,0009,009,2809,0,0,0,0,0,0,
043,0010,010,693,8,0,7,1,0,0,
043,0010,010,693,6,0,3,3,0,0,
043,0010,010,693,2,0,2,0,0,0,
043,0010,010,693,0,0,0,0,0,0,
043,0010,010,693,0,0,0,0,0,0,
043,0011,011,3761,20,0,14,6,0,0,
043,0011,011,3761,32,0,27,5,0,0,
043,0011,011,3761,5,0,2,3,0,0,
043,0011,011,3761,0,0,0,0,0,0,
043,0011,011,3761,0,0,0,0,0,0,
043,0012,012,2077,31,0,16,15,0,0,
043,0012,012,2077,33,1,23,9,0,1,
043,0012,012,2077,11,0,8,3,0,0,
043,0012,012,2077,0,0,0,0,0,0,
043,0012,012,2077,0,0,0,0,0,0,
043,0013,013,5231,61,0,46,15,0,0,
043,0013,013,5231,72,0,56,16,0,0,
043,0013,013,5231,15,0,3,12,0,0,
043,0013,013,5231,0,0,0,0,0,0,
043,0013,013,5231,0,0,0,0,0,0,
043,0014,014,2924,10,0,8,2,0,0,
043,0014,014,2924,21,0,17,4,0,0,
043,0014,014,2924,12,0,9,3,0,0,
043,0014,014,2924,0,0,0,0,0,0,
043,0014,014,2924,0,0,0,0,0,0,
043,0015,015,1608,21,0,14,7,0,0,
043,0015,015,1608,25,0,23,2,0,0,
043,0015,015,1608,7,0,3,4,0,0,
043,0015,015,1608,0,0,0,0,0,0,
043,0015,015,1608,0,0,0,0,0,0,
043,0016,016,3387,36,1,22,13,0,1,
043,0016,016,3387,32,0,22,10,0,0,
043,0016,016,3387,4,0,1,3,0,0,
043,0016,016,3387,0,0,0,0,0,0,
043,0016,016,3387,0,0,0,0,0,0,
043,0017,017,3344,57,0,42,15,0,0,
043,0017,017,3344,15,0,9,6,0,0,
043,0017,017,3344,2,0,2,0,0,0,
043,0017,017,3344,0,0,0,0,0,0,
043,0017,017,3344,0,0,0,0,0,0,
043,0018,018,848,16,0,11,5,0,0,
043,0018,018,848,6,0,4,2,0,0,
043,0018,018,848,3,0,2,1,0,0,
043,0018,018,848,0,0,0,0,0,0,
043,0018,018,848,0,0,0,0,0,0,
043,0019,019,1602,23,0,12,11,0,0,
043,0019,019,1602,42,0,31,11,0,0,
043,0019,019,1602,4,0,1,3,0,0,
043,0019,019,1602,0,0,0,0,0,0,
043,0019,019,1602,0,0,0,0,0,0,
043,0020,020,830,16,0,12,4,0,0,
043,0020,020,830,8,0,4,4,0,0,
043,0020,020,830,1,0,1,0,0,0,
043,0020,020,830,0,0,0,0,0,0,
043,0020,020,830,0,0,0,0,0,0,
043,0021,021,4181,58,0,45,13,0,0,
043,0021,021,4181,77,0,62,15,0,0,
043,0021,021,4181,13,1,6,7,0,0,
043,0021,021,4181,0,0,0,0,0,0,
043,0021,021,4181,0,0,0,0,0,0,
043,0022,022,3777,44,1,29,14,0,1,
043,0022,022,3777,48,0,23,25,0,0,
043,0022,022,3777,7,1,3,4,0,0,
043,0022,022,3777,0,0,0,0,0,0,
043,0022,022,3777,0,0,0,0,0,0,
043,0023,023,2722,7,1,5,2,0,0,
043,0023,023,2722,3,1,2,1,0,0,
043,0023,023,2722,1,1,1,0,0,0,
043,0023,023,2722,0,0,0,0,0,0,
043,0023,023,2722,0,0,0,0,0,0,
043,0024,024,2426,8,0,3,5,0,0,
043,0024,024,2426,4,0,2,2,0,0,
043,0024,024,2426,2,0,0,2,0,0,
043,0024,024,2426,0,0,0,0,0,0,
043,0024,024,2426,0,0,0,0,0,0,
043,0025,025,5198,31,0,18,13,0,0,
043,0025,025,5198,54,1,31,22,0,1,
043,0025,025,5198,7,0,7,0,0,0,
043,0025,025,5198,0,0,0,0,0,0,
043,0025,025,5198,0,0,0,0,0,0,
043,0026,026,1820,27,0,16,11,0,0,
043,0026,026,1820,26,0,18,8,0,0,
043,0026,026,1820,3,0,2,1,0,0,
043,0026,026,1820,0,0,0,0,0,0,
043,0026,026,1820,0,0,0,0,0,0,
043,0027,027,2609,18,0,14,4,0,0,
043,0027,027,2609,45,0,29,16,0,0,
043,0027,027,2609,6,0,4,2,0,0,
043,0027,027,2609,0,0,0,0,0,0,
043,0027,027,2609,0,0,0,0,0,0,
043,0028,028,2469,13,0,6,7,0,0,
043,0028,028,2469,36,0,22,14,0,0,
043,0028,028,2469,7,0,6,1,0,0,
043,0028,028,2469,0,0,0,0,0,0,
043,0028,028,2469,0,0,0,0,0,0,
043,0029,029,2099,17,0,13,4,0,0,
043,0029,029,2099,12,0,6,6,0,0,
043,0029,029,2099,5,0,3,2,0,0,
043,0029,029,2099,0,0,0,0,0,0,
043,0029,029,2099,0,0,0,0,0,0,
043,0030,030,4422,58,1,42,16,0,0,
043,0030,030,4422,45,0,34,11,0,0,
043,0030,030,4422,9,0,8,1,0,0,
043,0030,030,4422,0,0,0,0,0,0,
043,0030,030,4422,0,0,0,0,0,0,
043,0031,031,2095,38,0,29,9,0,0,
043,0031,031,2095,92,0,75,17,0,0,
043,0031,031,2095,8,0,3,5,0,0,
043,0031,031,2095,0,0,0,0,0,0,
043,0031,031,2095,0,0,0,0,0,0,
043,0032,032,2488,42,0,34,8,0,0,
043,0032,032,2488,59,0,47,12,0,0,
043,0032,032,2488,8,0,7,1,0,0,
043,0032,032,2488,0,0,0,0,0,0,
043,0032,032,2488,0,0,0,0,0,0,
043,0033,033,3966,55,0,38,17,0,0,
043,0033,033,3966,27,0,19,8,0,0,
043,0033,033,3966,4,0,1,3,0,0,
043,0033,033,3966,0,0,0,0,0,0,
043,0033,033,3966,0,0,0,0,0,0,
043,0034,034,4192,27,1,20,6,0,1,
043,0034,034,4192,89,0,78,11,0,0,
043,0034,034,4192,6,1,3,3,0,0,
043,0034,034,4192,0,0,0,0,0,0,
043,0034,034,4192,0,0,0,0,0,0,
043,0035,035,1506,26,1,18,7,0,1,
043,0035,035,1506,5,0,5,0,0,0,
043,0035,035,1506,2,0,1,1,0,0,
043,0035,035,1506,0,0,0,0,0,0,
043,0035,035,1506,0,0,0,0,0,0,
043,0036,036,1930,14,0,7,7,0,0,
043,0036,036,1930,28,0,18,10,0,0,
043,0036,036,1930,5,0,2,3,0,0,
043,0036,036,1930,0,0,0,0,0,0,
043,0036,036,1930,0,0,0,0,0,0,
043,0037,037,2175,24,0,17,7,0,0,
043,0037,037,2175,10,0,8,2,0,0,
043,0037,037,2175,2,0,2,0,0,0,
043,0037,037,2175,0,0,0,0,0,0,
043,0037,037,2175,0,0,0,0,0,0,
043,0038,038,4621,37,1,24,12,0,1,
043,0038,038,4621,47,0,29,18,0,0,
043,0038,038,4621,12,0,6,6,0,0,
043,0038,038,4621,0,0,0,0,0,0,
043,0038,038,4621,0,0,0,0,0,0,
043,0039,039,2952,28,1,10,17,0,1,
043,0039,039,2952,37,0,23,14,0,0,
043,0039,039,2952,7,0,2,5,0,0,
043,0039,039,2952,0,0,0,0,0,0,
043,0039,039,2952,0,0,0,0,0,0,
043,0040,040,3496,49,0,33,16,0,0,
043,0040,040,3496,87,0,55,32,0,0,
043,0040,040,3496,17,0,6,11,0,0,
043,0040,040,3496,0,0,0,0,0,0,
043,0040,040,3496,0,0,0,0,0,0,
043,0041,041,4189,49,0,38,11,0,0,
043,0041,041,4189,43,1,23,20,0,0,
043,0041,041,4189,7,0,3,4,0,0,
043,0041,041,4189,0,0,0,0,0,0,
043,0041,041,4189,0,0,0,0,0,0,
043,0042,042,1656,13,0,9,4,0,0,
043,0042,042,1656,4,0,4,0,0,0,
043,0042,042,1656,2,0,0,2,0,0,
043,0042,042,1656,0,0,0,0,0,0,
043,0042,042,1656,0,0,0,0,0,0,
043,0043,043,3320,24,1,12,12,0,0,
043,0043,043,3320,20,0,13,7,0,0,
043,0043,043,3320,1,0,0,1,0,0,
043,0043,043,3320,0,0,0,0,0,0,
043,0043,043,3320,0,0,0,0,0,0,
043,0044,044,1586,17,0,10,7,0,0,
043,0044,044,1586,13,0,7,6,0,0,
043,0044,044,1586,5,0,2,3,0,0,
043,0044,044,1586,0,0,0,0,0,0,
043,0044,044,1586,0,0,0,0,0,0,
043,0045,045,2865,32,0,21,11,0,0,
043,0045,045,2865,54,0,32,22,0,0,
043,0045,045,2865,5,0,0,5,0,0,
043,0045,045,2865,0,0,0,0,0,0,
043,0045,045,2865,0,0,0,0,0,0,
043,0046,046,2974,35,1,18,16,0,1,
043,0046,046,2974,37,0,23,14,0,0,
043,0046,046,2974,4,0,2,2,0,0,
043,0046,046,2974,0,0,0,0,0,0,
043,0046,046,2974,0,0,0,0,0,0,
043,0047,047,2554,19,0,12,7,0,0,
043,0047,047,2554,36,0,24,12,0,0,
043,0047,047,2554,4,0,3,1,0,0,
043,0047,047,2554,0,0,0,0,0,0,
043,0047,047,2554,0,0,0,0,0,0,
043,0048,048,3503,29,0,25,4,0,0,
043,0048,048,3503,27,0,24,3,0,0,
043,0048,048,3503,12,0,6,6,0,0,
043,0048,048,3503,0,0,0,0,0,0,
043,0048,048,3503,0,0,0,0,0,0,
043,0049,049,2298,45,0,38,7,0,0,
043,0049,049,2298,78,0,63,15,0,0,
043,0049,049,2298,16,0,10,6,0,0,
043,0049,049,2298,0,0,0,0,0,0,
043,0049,049,2298,0,0,0,0,0,0,
043,0050,050,3135,16,0,9,7,0,0,
043,0050,050,3135,18,0,12,6,0,0,
043,0050,050,3135,0,1,0,0,0,0,
043,0050,050,3135,0,0,0,0,0,0,
043,0050,050,3135,0,0,0,0,0,0,
043,0051,051,1694,14,0,9,5,0,0,
043,0051,051,1694,22,1,15,7,0,0,
043,0051,051,1694,0,0,0,0,0,0,
043,0051,051,1694,0,0,0,0,0,0,
043,0051,051,1694,0,0,0,0,0,0,
043,0052,052,3943,15,0,9,6,0,0,
043,0052,052,3943,30,0,17,13,0,0,
043,0052,052,3943,1,0,0,1,0,0,
043,0052,052,3943,0,0,0,0,0,0,
043,0052,052,3943,0,0,0,0,0,0,
043,0053,053,2220,59,0,50,9,0,0,
043,0053,053,2220,46,0,33,13,0,0,
043,0053,053,2220,12,0,9,3,0,0,
043,0053,053,2220,0,0,0,0,0,0,
043,0053,053,2220,0,0,0,0,0,0,
043,0054,054,3187,24,0,17,7,0,0,
043,0054,054,3187,33,1,26,6,0,1,
043,0054,054,3187,6,0,1,5,0,0,
043,0054,054,3187,0,0,0,0,0,0,
043,0054,054,3187,0,0,0,0,0,0,
043,0055,055,3658,16,0,10,6,0,0,
043,0055,055,3658,10,0,8,2,0,0,
043,0055,055,3658,14,0,5,9,0,0,
043,0055,055,3658,0,0,0,0,0,0,
043,0055,055,3658,0,0,0,0,0,0,
043,0056,056,2971,26,0,18,8,0,0,
043,0056,056,2971,32,0,23,9,0,0,
043,0056,056,2971,7,0,5,2,0,0,
043,0056,056,2971,0,0,0,0,0,0,
043,0056,056,2971,0,0,0,0,0,0,
043,0057,057,4653,62,1,47,14,0,1,
043,0057,057,4653,91,1,66,24,0,1,
043,0057,057,4653,7,0,5,2,0,0,
043,0057,057,4653,0,0,0,0,0,0,
043,0057,057,4653,0,0,0,0,0,0,
043,0058,058,3596,23,1,13,10,0,0,
043,0058,058,3596,47,0,34,13,0,0,
043,0058,058,3596,14,0,7,7,0,0,
043,0058,058,3596,0,0,0,0,0,0,
043,0058,058,3596,0,0,0,0,0,0,
043,0059,059,3923,50,0,29,21,0,0,
043,0059,059,3923,73,0,57,16,0,0,
043,0059,059,3923,3,0,2,1,0,0,
043,0059,059,3923,0,0,0,0,0,0,
043,0059,059,3923,0,0,0,0,0,0,
043,0060,060,2504,51,0,31,20,0,0,
043,0060,060,2504,34,0,25,9,0,0,
043,0060,060,2504,10,0,2,8,0,0,
043,0060,060,2504,0,0,0,0,0,0,
043,0060,060,2504,0,0,0,0,0,0,
043,0061,061,1698,26,0,21,5,0,0,
043,0061,061,1698,58,0,44,14,0,0,
043,0061,061,1698,5,0,3,2,0,0,
043,0061,061,1698,0,0,0,0,0,0,
043,0061,061,1698,0,0,0,0,0,0,
043,0062,062,2514,34,0,23,11,0,0,
043,0062,062,2514,43,0,29,14,0,0,
043,0062,062,2514,5,0,3,2,0,0,
043,0062,062,2514,0,0,0,0,0,0,
043,0062,062,2514,0,0,0,0,0,0,
043,0063,063,1983,31,0,25,6,0,0,
043,0063,063,1983,59,0,49,10,0,0,
043,0063,063,1983,7,2,5,2,0,0,
043,0063,063,1983,0,0,0,0,0,0,
043,0063,063,1983,0,0,0,0,0,0,
043,0064,064,2650,30,0,20,10,0,0,
043,0064,064,2650,60,0,41,19,0,0,
043,0064,064,2650,6,0,1,5,0,0,
043,0064,064,2650,0,0,0,0,0,0,
043,0064,064,2650,0,0,0,0,0,0,
043,0065,065,1190,27,0,20,7,0,0,
043,0065,065,1190,30,1,21,8,0,1,
043,0065,065,1190,1,0,0,1,0,0,
043,0065,065,1190,0,0,0,0,0,0,
043,0065,065,1190,0,0,0,0,0,0,
043,0066,066,2117,33,0,26,7,0,0,
043,0066,066,2117,28,0,22,6,0,0,
043,0066,066,2117,6,0,1,5,0,0,
043,0066,066,2117,0,0,0,0,0,0,
043,0066,066,2117,0,0,0,0,0,0,
043,0067,067,2577,22,0,19,3,0,0,
043,0067,067,2577,47,0,42,5,0,0,
043,0067,067,2577,14,1,8,5,0,1,
043,0067,067,2577,0,0,0,0,0,0,
043,0067,067,2577,0,0,0,0,0,0,
043,0068,068,1986,22,0,11,11,0,0,
043,0068,068,1986,34,1,21,13,0,0,
043,0068,068,1986,1,0,0,1,0,0,
043,0068,068,1986,0,0,0,0,0,0,
043,0068,068,1986,0,0,0,0,0,0,
043,0069,069,3732,59,0,40,19,0,0,
043,0069,069,3732,99,0,60,39,0,0,
043,0069,069,3732,7,0,5,2,0,0,
043,0069,069,3732,0,0,0,0,0,0,
043,0069,069,3732,0,0,0,0,0,0,
043,0070,070,1881,33,0,22,11,0,0,
043,0070,070,1881,39,0,27,12,0,0,
043,0070,070,1881,6,0,5,1,0,0,
043,0070,070,1881,0,0,0,0,0,0,
043,0070,070,1881,0,0,0,0,0,0,
043,0071,071,1773,21,1,11,9,0,1,
043,0071,071,1773,44,0,28,16,0,0,
043,0071,071,1773,3,0,2,1,0,0,
043,0071,071,1773,0,0,0,0,0,0,
043,0071,071,1773,0,0,0,0,0,0,
043,0072,072,1557,28,0,23,5,0,0,
043,0072,072,1557,34,0,27,7,0,0,
043,0072,072,1557,7,0,7,0,0,0,
043,0072,072,1557,0,0,0,0,0,0,
043,0072,072,1557,0,0,0,0,0,0,
043,0073,073,1904,5,0,4,1,0,0,
043,0073,073,1904,7,0,5,2,0,0,
043,0073,073,1904,2,0,2,0,0,0,
043,0073,073,1904,0,0,0,0,0,0,
043,0073,073,1904,0,0,0,0,0,0,
043,0074,074,1865,9,0,4,5,0,0,
043,0074,074,1865,23,0,18,5,0,0,
043,0074,074,1865,3,0,1,2,0,0,
043,0074,074,1865,0,0,0,0,0,0,
043,0074,074,1865,0,0,0,0,0,0,
043,0075,075,2033,21,0,18,3,0,0,
043,0075,075,2033,42,0,32,10,0,0,
043,0075,075,2033,7,0,0,7,0,0,
043,0075,075,2033,0,0,0,0,0,0,
043,0075,075,2033,0,0,0,0,0,0,
043,0076,076,3272,29,0,22,7,0,0,
043,0076,076,3272,85,0,69,16,0,0,
043,0076,076,3272,8,0,3,5,0,0,
043,0076,076,3272,0,0,0,0,0,0,
043,0076,076,3272,0,0,0,0,0,0,
043,0077,077,3606,25,0,19,6,0,0,
043,0077,077,3606,34,0,24,10,0,0,
043,0077,077,3606,10,0,5,5,0,0,
043,0077,077,3606,0,0,0,0,0,0,
043,0077,077,3606,0,0,0,0,0,0,
043,0078,078,3679,17,0,13,4,0,0,
043,0078,078,3679,20,0,13,7,0,0,
043,0078,078,3679,5,0,3,2,0,0,
043,0078,078,3679,0,0,0,0,0,0,
043,0078,078,3679,0,0,0,0,0,0,
043,0079,079,2647,24,0,12,12,0,0,
043,0079,079,2647,45,0,12,33,0,0,
043,0079,079,2647,7,1,0,6,0,1,
043,0079,079,2647,0,0,0,0,0,0,
043,0079,079,2647,0,0,0,0,0,0,
043,0080,080,3570,33,0,27,6,0,0,
043,0080,080,3570,44,0,27,17,0,0,
043,0080,080,3570,3,0,0,3,0,0,
043,0080,080,3570,0,0,0,0,0,0,
043,0080,080,3570,0,0,0,0,0,0,
043,0081,081,2794,22,0,14,8,0,0,
043,0081,081,2794,36,0,26,10,0,0,
043,0081,081,2794,2,0,2,0,0,0,
043,0081,081,2794,0,0,0,0,0,0,
043,0081,081,2794,0,0,0,0,0,0,
043,0082,082,2735,30,1,20,9,0,1,
043,0082,082,2735,50,0,40,10,0,0,
043,0082,082,2735,10,0,4,6,0,0,
043,0082,082,2735,0,0,0,0,0,0,
043,0082,082,2735,0,0,0,0,0,0,
043,0083,083,3713,20,0,16,4,0,0,
043,0083,083,3713,54,0,32,22,0,0,
043,0083,083,3713,7,1,3,4,0,0,
043,0083,083,3713,0,0,0,0,0,0,
043,0083,083,3713,0,0,0,0,0,0,
043,0084,084,2353,13,0,9,4,0,0,
043,0084,084,2353,13,0,8,5,0,0,
043,0084,084,2353,8,0,2,6,0,0,
043,0084,084,2353,0,0,0,0,0,0,
043,0084,084,2353,0,0,0,0,0,0,
043,0085,085,3036,21,0,14,7,0,0,
043,0085,085,3036,37,0,21,16,0,0,
043,0085,085,3036,4,0,0,4,0,0,
043,0085,085,3036,0,0,0,0,0,0,
043,0085,085,3036,0,0,0,0,0,0,
043,0086,086,2810,24,1,15,9,0,0,
043,0086,086,2810,56,0,39,17,0,0,
043,0086,086,2810,9,0,6,3,0,0,
043,0086,086,2810,0,0,0,0,0,0,
043,0086,086,2810,0,0,0,0,0,0,
043,0087,087,5089,29,0,19,10,0,0,
043,0087,087,5089,37,0,26,11,0,0,
043,0087,087,5089,1,0,0,1,0,0,
043,0087,087,5089,0,0,0,0,0,0,
043,0087,087,5089,0,0,0,0,0,0,
043,0088,088,2269,6,1,3,2,0,1,
043,0088,088,2269,5,1,3,1,0,1,
043,0088,088,2269,3,0,0,3,0,0,
043,0088,088,2269,0,0,0,0,0,0,
043,0088,088,2269,0,0,0,0,0,0,
043,0089,089,3179,36,0,23,13,0,0,
043,0089,089,3179,35,0,25,10,0,0,
043,0089,089,3179,6,0,1,5,0,0,
043,0089,089,3179,0,0,0,0,0,0,
043,0089,089,3179,0,0,0,0,0,0,
043,0090,090,3182,30,0,26,4,0,0,
043,0090,090,3182,58,0,50,8,0,0,
043,0090,090,3182,11,0,6,5,0,0,
043,0090,090,3182,0,0,0,0,0,0,
043,0090,090,3182,0,0,0,0,0,0,
043,0091,091,2276,28,1,19,8,0,1,
043,0091,091,2276,36,0,25,11,0,0,
043,0091,091,2276,3,0,2,1,0,0,
043,0091,091,2276,0,0,0,0,0,0,
043,0091,091,2276,0,0,0,0,0,0,
043,0092,092,3555,35,0,27,8,0,0,
043,0092,092,3555,17,0,12,5,0,0,
043,0092,092,3555,15,2,6,7,0,2,
043,0092,092,3555,0,0,0,0,0,0,
043,0092,092,3555,0,0,0,0,0,0,
043,0093,093,269,1,0,1,0,0,0,
043,0093,093,269,0,0,0,0,0,0,
043,0093,093,269,2,0,0,2,0,0,
043,0093,093,269,0,0,0,0,0,0,
043,0093,093,269,0,0,0,0,0,0,
043,0094,094,3909,35,0,19,16,0,0,
043,0094,094,3909,18,0,11,7,0,0,
043,0094,094,3909,6,0,1,5,0,0,
043,0094,094,3909,0,0,0,0,0,0,
043,0094,094,3909,0,0,0,0,0,0,
043,0095,095,3002,36,0,23,13,0,0,
043,0095,095,3002,55,0,35,20,0,0,
043,0095,095,3002,7,0,3,4,0,0,
043,0095,095,3002,0,0,0,0,0,0,
043,0095,095,3002,0,0,0,0,0,0,
043,0096,096,1844,13,1,6,7,0,0,
043,0096,096,1844,7,0,2,5,0,0,
043,0096,096,1844,0,0,0,0,0,0,
043,0096,096,1844,0,0,0,0,0,0,
043,0096,096,1844,0,0,0,0,0,0,
043,0097,097,1296,18,0,14,4,0,0,
043,0097,097,1296,44,0,25,19,0,0,
043,0097,097,1296,3,0,2,1,0,0,
043,0097,097,1296,0,0,0,0,0,0,
043,0097,097,1296,0,0,0,0,0,0,
043,0098,098,1226,13,0,6,7,0,0,
043,0098,098,1226,18,0,9,9,0,0,
043,0098,098,1226,15,0,7,8,0,0,
043,0098,098,1226,0,0,0,0,0,0,
043,0098,098,1226,0,0,0,0,0,0,
043,0099,099,269,3,0,3,0,0,0,
043,0099,099,269,1,0,1,0,0,0,
043,0099,099,269,0,0,0,0,0,0,
043,0099,099,269,0,0,0,0,0,0,
043,0099,099,269,0,0,0,0,0,0,
043,0100,100,31,1,0,0,1,0,0,
043,0100,100,31,2,0,0,2,0,0,
043,0100,100,31,0,0,0,0,0,0,
043,0100,100,31,0,0,0,0,0,0,
043,0100,100,31,0,0,0,0,0,0,
043,0101,101,3712,30,0,24,6,0,0,
043,0101,101,3712,33,0,24,9,0,0,
043,0101,101,3712,4,0,2,2,0,0,
043,0101,101,3712,0,0,0,0,0,0,
043,0101,101,3712,0,0,0,0,0,0,
043,0102,102,2551,38,0,31,7,0,0,
043,0102,102,2551,89,0,66,23,0,0,
043,0102,102,2551,11,0,7,4,0,0,
043,0102,102,2551,0,0,0,0,0,0,
043,0102,102,2551,0,0,0,0,0,0,
043,0103,103,1334,16,0,8,8,0,0,
043,0103,103,1334,6,0,2,4,0,0,
043,0103,103,1334,3,0,1,2,0,0,
043,0103,103,1334,0,0,0,0,0,0,
043,0103,103,1334,0,0,0,0,0,0,
043,0104,104,2640,7,0,5,2,0,0,
043,0104,104,2640,11,0,7,4,0,0,
043,0104,104,2640,4,0,2,2,0,0,
043,0104,104,2640,0,0,0,0,0,0,
043,0104,104,2640,0,0,0,0,0,0,
043,0105,105,1190,9,0,7,2,0,0,
043,0105,105,1190,19,0,15,4,0,0,
043,0105,105,1190,3,0,2,1,0,0,
043,0105,105,1190,0,0,0,0,0,0,
043,0105,105,1190,0,0,0,0,0,0,
043,0106,106,1949,21,0,18,3,0,0,
043,0106,106,1949,25,0,14,11,0,0,
043,0106,106,1949,1,0,1,0,0,0,
043,0106,106,1949,0,0,0,0,0,0,
043,0106,106,1949,0,0,0,0,0,0,
043,0107,107,3372,49,0,37,12,0,0,
043,0107,107,3372,87,0,68,19,0,0,
043,0107,107,3372,4,0,2,2,0,0,
043,0107,107,3372,0,0,0,0,0,0,
043,0107,107,3372,0,0,0,0,0,0,
043,0108,108,2891,21,1,15,5,0,1,
043,0108,108,2891,27,0,17,10,0,0,
043,0108,108,2891,4,0,2,2,0,0,
043,0108,108,2891,0,0,0,0,0,0,
043,0108,108,2891,0,0,0,0,0,0,
043,0109,109,3767,54,0,39,15,0,0,
043,0109,109,3767,92,1,72,19,0,1,
043,0109,109,3767,0,0,0,0,0,0,
043,0109,109,3767,0,0,0,0,0,0,
043,0109,109,3767,0,0,0,0,0,0,
043,0110,110,2744,40,1,34,5,0,1,
043,0110,110,2744,59,0,49,10,0,0,
043,0110,110,2744,10,0,1,9,0,0,
043,0110,110,2744,0,0,0,0,0,0,
043,0110,110,2744,0,0,0,0,0,0,
043,0111,111,5223,22,0,15,7,0,0,
043,0111,111,5223,51,0,42,9,0,0,
043,0111,111,5223,9,0,3,6,0,0,
043,0111,111,5223,0,0,0,0,0,0,
043,0111,111,5223,0,0,0,0,0,0,
043,0112,112,2930,33,0,24,9,0,0,
043,0112,112,2930,52,0,38,14,0,0,
043,0112,112,2930,9,0,7,2,0,0,
043,0112,112,2930,0,0,0,0,0,0,
043,0112,112,2930,0,0,0,0,0,0,
043,0113,113,3276,27,0,21,6,0,0,
043,0113,113,3276,52,0,41,11,0,0,
043,0113,113,3276,4,1,1,2,0,1,
043,0113,113,3276,0,0,0,0,0,0,
043,0113,113,3276,0,0,0,0,0,0,
043,0114,114,1338,25,0,11,14,0,0,
043,0114,114,1338,10,0,6,4,0,0,
043,0114,114,1338,3,0,2,1,0,0,
043,0114,114,1338,0,0,0,0,0,0,
043,0114,114,1338,0,0,0,0,0,0,
043,0115,115,2869,21,1,15,6,0,0,
043,0115,115,2869,43,0,27,16,0,0,
043,0115,115,2869,6,0,4,2,0,0,
043,0115,115,2869,0,0,0,0,0,0,
043,0115,115,2869,0,0,0,0,0,0,
043,0116,116,4648,50,0,35,15,0,0,
043,0116,116,4648,66,1,48,18,0,0,
043,0116,116,4648,5,0,3,2,0,0,
043,0116,116,4648,0,0,0,0,0,0,
043,0116,116,4648,0,0,0,0,0,0,
043,0117,117,4182,34,0,21,13,0,0,
043,0117,117,4182,35,0,25,10,0,0,
043,0117,117,4182,9,0,2,7,0,0,
043,0117,117,4182,0,0,0,0,0,0,
043,0117,117,4182,0,0,0,0,0,0,
043,0118,118,4334,38,0,24,14,0,0,
043,0118,118,4334,28,0,21,7,0,0,
043,0118,118,4334,12,0,3,9,0,0,
043,0118,118,4334,0,0,0,0,0,0,
043,0118,118,4334,0,0,0,0,0,0,
043,0119,119,5140,55,0,46,9,0,0,
043,0119,119,5140,115,0,83,32,0,0,
043,0119,119,5140,5,0,2,3,0,0,
043,0119,119,5140,0,0,0,0,0,0,
043,0119,119,5140,0,0,0,0,0,0,
043,0120,120,3527,42,0,25,17,0,0,
043,0120,120,3527,58,0,48,10,0,0,
043,0120,120,3527,7,0,3,4,0,0,
043,0120,120,3527,0,0,0,0,0,0,
043,0120,120,3527,0,0,0,0,0,0,
043,0121,121,2689,14,1,9,5,0,0,
043,0121,121,2689,48,1,30,18,0,0,
043,0121,121,2689,5,0,5,0,0,0,
043,0121,121,2689,0,0,0,0,0,0,
043,0121,121,2689,0,0,0,0,0,0,
043,0122,122,4923,63,0,50,13,0,0,
043,0122,122,4923,92,0,67,25,0,0,
043,0122,122,4923,16,0,7,9,0,0,
043,0122,122,4923,0,0,0,0,0,0,
043,0122,122,4923,0,0,0,0,0,0,
043,0123,123,1963,18,0,17,1,0,0,
043,0123,123,1963,42,0,35,7,0,0,
043,0123,123,1963,1,0,0,1,0,0,
043,0123,123,1963,0,0,0,0,0,0,
043,0123,123,1963,0,0,0,0,0,0,
043,0124,124,3064,15,0,12,3,0,0,
043,0124,124,3064,50,0,43,7,0,0,
043,0124,124,3064,19,1,8,10,0,1,
043,0124,124,3064,0,0,0,0,0,0,
043,0124,124,3064,0,0,0,0,0,0,
043,0125,125,4872,24,0,15,9,0,0,
043,0125,125,4872,47,0,33,14,0,0,
043,0125,125,4872,4,1,3,0,0,1,
043,0125,125,4872,0,0,0,0,0,0,
043,0125,125,4872,0,0,0,0,0,0,
043,0126,126,4432,42,0,30,12,0,0,
043,0126,126,4432,48,0,40,8,0,0,
043,0126,126,4432,6,0,3,3,0,0,
043,0126,126,4432,0,0,0,0,0,0,
043,0126,126,4432,0,0,0,0,0,0,
043,0127,127,3691,29,0,23,6,0,0,
043,0127,127,3691,22,0,16,6,0,0,
043,0127,127,3691,5,0,4,1,0,0,
043,0127,127,3691,0,0,0,0,0,0,
043,0127,127,3691,0,0,0,0,0,0,
043,0128,128,4828,74,0,54,20,0,0,
043,0128,128,4828,70,1,57,12,0,1,
043,0128,128,4828,11,0,8,3,0,0,
043,0128,128,4828,0,0,0,0,0,0,
043,0128,128,4828,0,0,0,0,0,0,
043,0129,129,4188,54,0,40,14,0,0,
043,0129,129,4188,67,0,49,18,0,0,
043,0129,129,4188,3,0,1,2,0,0,
043,0129,129,4188,0,0,0,0,0,0,
043,0129,129,4188,0,0,0,0,0,0,
043,0130,130,3547,37,0,32,5,0,0,
043,0130,130,3547,46,0,30,16,0,0,
043,0130,130,3547,2,0,2,0,0,0,
043,0130,130,3547,0,0,0,0,0,0,
043,0130,130,3547,0,0,0,0,0,0,
043,0131,131,2999,34,0,24,10,0,0,
043,0131,131,2999,38,0,31,7,0,0,
043,0131,131,2999,5,0,3,2,0,0,
043,0131,131,2999,0,0,0,0,0,0,
043,0131,131,2999,0,0,0,0,0,0,
043,0132,132,2817,21,1,15,5,0,1,
043,0132,132,2817,20,0,16,4,0,0,
043,0132,132,2817,3,0,2,1,0,0,
043,0132,132,2817,0,0,0,0,0,0,
043,0132,132,2817,0,0,0,0,0,0,
043,0133,133,2601,13,0,8,5,0,0,
043,0133,133,2601,22,0,16,6,0,0,
043,0133,133,2601,2,0,0,2,0,0,
043,0133,133,2601,0,0,0,0,0,0,
043,0133,133,2601,0,0,0,0,0,0,
043,0134,134,5372,42,0,33,9,0,0,
043,0134,134,5372,37,0,28,9,0,0,
043,0134,134,5372,6,0,3,3,0,0,
043,0134,134,5372,0,0,0,0,0,0,
043,0134,134,5372,0,0,0,0,0,0,
043,0135,135,4033,27,0,23,4,0,0,
043,0135,135,4033,53,0,40,13,0,0,
043,0135,135,4033,4,0,1,3,0,0,
043,0135,135,4033,0,0,0,0,0,0,
043,0135,135,4033,0,0,0,0,0,0,
043,0136,136,1912,22,0,17,5,0,0,
043,0136,136,1912,26,1,16,9,0,1,
043,0136,136,1912,5,0,4,1,0,0,
043,0136,136,1912,0,0,0,0,0,0,
043,0136,136,1912,0,0,0,0,0,0,
043,0137,137,1924,7,0,4,3,0,0,
043,0137,137,1924,37,0,29,8,0,0,
043,0137,137,1924,2,0,0,2,0,0,
043,0137,137,1924,0,0,0,0,0,0,
043,0137,137,1924,0,0,0,0,0,0,
043,0138,138,1208,26,0,22,4,0,0,
043,0138,138,1208,56,0,45,11,0,0,
043,0138,138,1208,2,0,2,0,0,0,
043,0138,138,1208,0,0,0,0,0,0,
043,0138,138,1208,0,0,0,0,0,0,
043,0139,139,4287,24,0,19,5,0,0,
043,0139,139,4287,47,1,34,12,0,1,
043,0139,139,4287,12,2,6,4,0,2,
043,0139,139,4287,0,0,0,0,0,0,
043,0139,139,4287,0,0,0,0,0,0,
043,0140,140,4621,63,1,41,21,0,1,
043,0140,140,4621,84,0,58,26,0,0,
043,0140,140,4621,6,0,2,4,0,0,
043,0140,140,4621,0,0,0,0,0,0,
043,0140,140,4621,0,0,0,0,0,0,
043,0141,141,3113,47,0,35,12,0,0,
043,0141,141,3113,54,0,37,17,0,0,
043,0141,141,3113,4,1,3,1,0,0,
043,0141,141,3113,0,0,0,0,0,0,
043,0141,141,3113,0,0,0,0,0,0,
043,0142,142,2876,31,0,22,9,0,0,
043,0142,142,2876,33,2,24,8,0,1,
043,0142,142,2876,3,0,2,1,0,0,
043,0142,142,2876,0,0,0,0,0,0,
043,0142,142,2876,0,0,0,0,0,0,
043,0143,143,2009,30,0,25,5,0,0,
043,0143,143,2009,27,0,21,6,0,0,
043,0143,143,2009,3,0,0,3,0,0,
043,0143,143,2009,0,0,0,0,0,0,
043,0143,143,2009,0,0,0,0,0,0,
043,0144,144,2699,25,0,23,2,0,0,
043,0144,144,2699,76,3,67,8,0,1,
043,0144,144,2699,3,0,3,0,0,0,
043,0144,144,2699,0,0,0,0,0,0,
043,0144,144,2699,0,0,0,0,0,0,
043,0145,145,1616,17,0,13,4,0,0,
043,0145,145,1616,20,0,16,4,0,0,
043,0145,145,1616,3,0,2,1,0,0,
043,0145,145,1616,0,0,0,0,0,0,
043,0145,145,1616,0,0,0,0,0,0,
043,0146,146,4711,37,2,22,14,0,1,
043,0146,146,4711,32,1,21,10,0,1,
043,0146,146,4711,6,0,4,2,0,0,
043,0146,146,4711,0,0,0,0,0,0,
043,0146,146,4711,0,0,0,0,0,0,
043,0147,147,1872,14,0,12,2,0,0,
043,0147,147,1872,21,0,18,3,0,0,
043,0147,147,1872,1,0,1,0,0,0,
043,0147,147,1872,0,0,0,0,0,0,
043,0147,147,1872,0,0,0,0,0,0,
043,0148,148,0,0,0,0,0,0,0,
043,0148,148,0,0,0,0,0,0,0,
043,0148,148,0,0,0,0,0,0,0,
043,0148,148,0,0,0,0,0,0,0,
043,0148,148,0,0,0,0,0,0,0,
043,0149,149,4156,53,0,39,14,0,0,
043,0149,149,4156,40,0,25,15,0,0,
043,0149,149,4156,5,0,2,3,0,0,
043,0149,149,4156,0,0,0,0,0,0,
043,0149,149,4156,0,0,0,0,0,0,
043,0150,150,1335,12,0,1,11,0,0,
043,0150,150,1335,11,0,2,9,0,0,
043,0150,150,1335,3,0,0,3,0,0,
043,0150,150,1335,0,0,0,0,0,0,
043,0150,150,1335,0,0,0,0,0,0,
043,0151,151,1680,23,0,20,3,0,0,
043,0151,151,1680,9,0,7,2,0,0,
043,0151,151,1680,5,0,3,2,0,0,
043,0151,151,1680,0,0,0,0,0,0,
043,0151,151,1680,0,0,0,0,0,0,
043,0152,152,158,4,0,4,0,0,0,
043,0152,152,158,2,0,0,2,0,0,
043,0152,152,158,0,0,0,0,0,0,
043,0152,152,158,0,0,0,0,0,0,
043,0152,152,158,0,0,0,0,0,0,
043,0153,153,4608,27,0,20,7,0,0,
043,0153,153,4608,39,0,31,8,0,0,
043,0153,153,4608,8,0,5,3,0,0,
043,0153,153,4608,0,0,0,0,0,0,
043,0153,153,4608,0,0,0,0,0,0,
043,0154,154,1056,12,0,6,6,0,0,
043,0154,154,1056,8,0,2,6,0,0,
043,0154,154,1056,2,0,2,0,0,0,
043,0154,154,1056,0,0,0,0,0,0,
043,0154,154,1056,0,0,0,0,0,0,
043,0155,155,2666,38,0,25,13,0,0,
043,0155,155,2666,20,0,19,1,0,0,
043,0155,155,2666,6,0,5,1,0,0,
043,0155,155,2666,0,0,0,0,0,0,
043,0155,155,2666,0,0,0,0,0,0,
043,0156,156,3490,35,0,22,13,0,0,
043,0156,156,3490,49,0,40,9,0,0,
043,0156,156,3490,2,0,1,1,0,0,
043,0156,156,3490,0,0,0,0,0,0,
043,0156,156,3490,0,0,0,0,0,0,
043,0157,157,3758,32,0,26,6,0,0,
043,0157,157,3758,41,0,30,11,0,0,
043,0157,157,3758,6,0,2,4,0,0,
043,0157,157,3758,0,0,0,0,0,0,
043,0157,157,3758,0,0,0,0,0,0,
043,0158,158,2614,23,0,17,6,0,0,
043,0158,158,2614,21,0,14,7,0,0,
043,0158,158,2614,0,0,0,0,0,0,
043,0158,158,2614,0,0,0,0,0,0,
043,0158,158,2614,0,0,0,0,0,0,
043,0159,159,3153,15,0,14,1,0,0,
043,0159,159,3153,15,0,11,4,0,0,
043,0159,159,3153,1,1,0,1,0,0,
043,0159,159,3153,0,0,0,0,0,0,
043,0159,159,3153,0,0,0,0,0,0,
043,0160,160,354,7,0,4,3,0,0,
043,0160,160,354,3,0,1,2,0,0,
043,0160,160,354,0,0,0,0,0,0,
043,0160,160,354,0,0,0,0,0,0,
043,0160,160,354,0,0,0,0,0,0,
043,0161,161,290,1,0,1,0,0,0,
043,0161,161,290,2,0,1,1,0,0,
043,0161,161,290,0,0,0,0,0,0,
043,0161,161,290,0,0,0,0,0,0,
043,0161,161,290,0,0,0,0,0,0,
043,0162,162,272,9,0,9,0,0,0,
043,0162,162,272,0,0,0,0,0,0,
043,0162,162,272,0,0,0,0,0,0,
043,0162,162,272,0,0,0,0,0,0,
043,0162,162,272,0,0,0,0,0,0,
043,0163,163,4491,39,0,25,14,0,0,
043,0163,163,4491,63,0,39,24,0,0,
043,0163,163,4491,12,0,7,5,0,0,
043,0163,163,4491,0,0,0,0,0,0,
043,0163,163,4491,0,0,0,0,0,0,
043,0164,164,1440,4,0,4,0,0,0,
043,0164,164,1440,27,0,23,4,0,0,
043,0164,164,1440,158,6,77,75,0,6,
043,0164,164,1440,0,0,0,0,0,0,
043,0164,164,1440,0,0,0,0,0,0,
043,0165,165,894,5,0,5,0,0,0,
043,0165,165,894,6,0,3,3,0,0,
043,0165,165,894,3,0,2,1,0,0,
043,0165,165,894,0,0,0,0,0,0,
043,0165,165,894,0,0,0,0,0,0,
043,0166,166,3845,55,1,41,13,0,1,
043,0166,166,3845,33,0,21,12,0,0,
043,0166,166,3845,2,1,0,1,0,1,
043,0166,166,3845,0,0,0,0,0,0,
043,0166,166,3845,0,0,0,0,0,0,
043,0167,167,4628,33,0,28,5,0,0,
043,0167,167,4628,72,1,48,23,0,1,
043,0167,167,4628,4,0,4,0,0,0,
043,0167,167,4628,0,0,0,0,0,0,
043,0167,167,4628,0,0,0,0,0,0,
043,0168,168,1882,18,0,15,3,0,0,
043,0168,168,1882,25,0,23,2,0,0,
043,0168,168,1882,2,0,0,2,0,0,
043,0168,168,1882,0,0,0,0,0,0,
043,0168,168,1882,0,0,0,0,0,0,
043,0169,169,3002,26,0,20,6,0,0,
043,0169,169,3002,24,0,15,9,0,0,
043,0169,169,3002,0,0,0,0,0,0,
043,0169,169,3002,0,0,0,0,0,0,
043,0169,169,3002,0,0,0,0,0,0,
043,0170,170,1754,18,0,15,3,0,0,
043,0170,170,1754,10,0,6,4,0,0,
043,0170,170,1754,0,0,0,0,0,0,
043,0170,170,1754,0,0,0,0,0,0,
043,0170,170,1754,0,0,0,0,0,0,
043,0171,171,5294,61,1,40,21,0,0,
043,0171,171,5294,98,0,70,28,0,0,
043,0171,171,5294,22,1,14,7,0,1,
043,0171,171,5294,0,0,0,0,0,0,
043,0171,171,5294,0,0,0,0,0,0,
043,0172,172,3645,60,1,47,12,0,1,
043,0172,172,3645,17,0,11,6,0,0,
043,0172,172,3645,3,0,3,0,0,0,
043,0172,172,3645,0,0,0,0,0,0,
043,0172,172,3645,0,0,0,0,0,0,
043,0173,173,615,6,0,4,2,0,0,
043,0173,173,615,14,1,10,3,0,1,
043,0173,173,615,1,0,1,0,0,0,
043,0173,173,615,0,0,0,0,0,0,
043,0173,173,615,0,0,0,0,0,0,
043,0174,174,4103,36,0,20,16,0,0,
043,0174,174,4103,37,1,25,11,0,1,
043,0174,174,4103,5,0,1,4,0,0,
043,0174,174,4103,0,0,0,0,0,0,
043,0174,174,4103,0,0,0,0,0,0,
043,0175,175,1708,14,0,12,2,0,0,
043,0175,175,1708,32,0,23,9,0,0,
043,0175,175,1708,0,0,0,0,0,0,
043,0175,175,1708,0,0,0,0,0,0,
043,0175,175,1708,0,0,0,0,0,0,
043,0176,176,3941,14,0,9,5,0,0,
043,0176,176,3941,8,0,5,3,0,0,
043,0176,176,3941,1,0,1,0,0,0,
043,0176,176,3941,0,0,0,0,0,0,
043,0176,176,3941,0,0,0,0,0,0,
043,0177,177,5058,37,0,31,6,0,0,
043,0177,177,5058,67,0,59,8,0,0,
043,0177,177,5058,14,0,10,4,0,0,
043,0177,177,5058,0,0,0,0,0,0,
043,0177,177,5058,0,0,0,0,0,0,
043,0178,178,2437,22,0,19,3,0,0,
043,0178,178,2437,28,1,15,12,0,1,
043,0178,178,2437,2,0,0,2,0,0,
043,0178,178,2437,0,0,0,0,0,0,
043,0178,178,2437,0,0,0,0,0,0,
043,0179,179,4525,85,0,58,27,0,0,
043,0179,179,4525,193,0,123,70,0,0,
043,0179,179,4525,41,0,22,19,0,0,
043,0179,179,4525,0,0,0,0,0,0,
043,0179,179,4525,0,0,0,0,0,0,
043,0180,180,612,9,0,9,0,0,0,
043,0180,180,612,1,0,1,0,0,0,
043,0180,180,612,0,0,0,0,0,0,
043,0180,180,612,0,0,0,0,0,0,
043,0180,180,612,0,0,0,0,0,0,
043,0181,181,1879,32,0,27,5,0,0,
043,0181,181,1879,13,0,9,4,0,0,
043,0181,181,1879,4,0,1,3,0,0,
043,0181,181,1879,0,0,0,0,0,0,
043,0181,181,1879,0,0,0,0,0,0,
043,0182,182,0,0,0,0,0,0,0,
043,0182,182,0,0,0,0,0,0,0,
043,0182,182,0,0,0,0,0,0,0,
043,0182,182,0,0,0,0,0,0,0,
043,0182,182,0,0,0,0,0,0,0,
043,0183,183,101,0,0,0,0,0,0,
043,0183,183,101,0,0,0,0,0,0,
043,0183,183,101,3,0,2,1,0,0,
043,0183,183,101,0,0,0,0,0,0,
043,0183,183,101,0,0,0,0,0,0,
043,0184,184,0,0,0,0,0,0,0,
043,0184,184,0,0,0,0,0,0,0,
043,0184,184,0,0,0,0,0,0,0,
043,0184,184,0,0,0,0,0,0,0,
043,0184,184,0,0,0,0,0,0,0,
043,0185,185,43,0,0,0,0,0,0,
043,0185,185,43,0,0,0,0,0,0,
043,0185,185,43,0,0,0,0,0,0,
043,0185,185,43,0,0,0,0,0,0,
043,0185,185,43,0,0,0,0,0,0,
043,0186,186,129,0,0,0,0,0,0,
043,0186,186,129,0,0,0,0,0,0,
043,0186,186,129,0,0,0,0,0,0,
043,0186,186,129,0,0,0,0,0,0,
043,0186,186,129,0,0,0,0,0,0,
043,0187,187,521,4,0,3,1,0,0,
043,0187,187,521,3,0,3,0,0,0,
043,0187,187,521,1,0,0,1,0,0,
043,0187,187,521,0,0,0,0,0,0,
043,0187,187,521,0,0,0,0,0,0,
043,0188,188,64,2,0,1,1,0,0,
043,0188,188,64,2,0,2,0,0,0,
043,0188,188,64,0,0,0,0,0,0,
043,0188,188,64,0,0,0,0,0,0,
043,0188,188,64,0,0,0,0,0,0,
043,0189,189,787,9,0,6,3,0,0,
043,0189,189,787,10,0,8,2,0,0,
043,0189,189,787,4,0,1,3,0,0,
043,0189,189,787,0,0,0,0,0,0,
043,0189,189,787,0,0,0,0,0,0,
043,0190,190,87,1,0,0,1,0,0,
043,0190,190,87,0,0,0,0,0,0,
043,0190,190,87,0,0,0,0,0,0,
043,0190,190,87,0,0,0,0,0,0,
043,0190,190,87,0,0,0,0,0,0,
043,0191,191,498,10,0,8,2,0,0,
043,0191,191,498,5,0,2,3,0,0,
043,0191,191,498,0,0,0,0,0,0,
043,0191,191,498,0,0,0,0,0,0,
043,0191,191,498,0,0,0,0,0,0,
043,0192,192,2041,17,0,8,9,0,0,
043,0192,192,2041,7,0,3,4,0,0,
043,0192,192,2041,4,0,2,2,0,0,
043,0192,192,2041,0,0,0,0,0,0,
043,0192,192,2041,0,0,0,0,0,0,
043,0193,193,997,16,0,10,6,0,0,
043,0193,193,997,7,0,3,4,0,0,
043,0193,193,997,1,0,1,0,0,0,
043,0193,193,997,0,0,0,0,0,0,
043,0193,193,997,0,0,0,0,0,0,
043,0194,194,29,0,0,0,0,0,0,
043,0194,194,29,0,0,0,0,0,0,
043,0194,194,29,0,0,0,0,0,0,
043,0194,194,29,0,0,0,0,0,0,
043,0194,194,29,0,0,0,0,0,0,
043,0195,195,843,7,0,5,2,0,0,
043,0195,195,843,13,0,10,3,0,0,
043,0195,195,843,4,0,2,2,0,0,
043,0195,195,843,0,0,0,0,0,0,
043,0195,195,843,0,0,0,0,0,0,
043,0196,196,1839,11,0,9,2,0,0,
043,0196,196,1839,17,0,9,8,0,0,
043,0196,196,1839,4,0,2,2,0,0,
043,0196,196,1839,0,0,0,0,0,0,
043,0196,196,1839,0,0,0,0,0,0,
043,0197,197,1213,7,0,6,1,0,0,
043,0197,197,1213,18,0,11,7,0,0,
043,0197,197,1213,0,0,0,0,0,0,
043,0197,197,1213,0,0,0,0,0,0,
043,0197,197,1213,0,0,0,0,0,0,
043,0198,198,115,1,0,0,1,0,0,
043,0198,198,115,0,0,0,0,0,0,
043,0198,198,115,0,0,0,0,0,0,
043,0198,198,115,0,0,0,0,0,0,
043,0198,198,115,0,0,0,0,0,0,
043,0199,199,1938,24,2,12,10,0,2,
043,0199,199,1938,14,0,13,1,0,0,
043,0199,199,1938,0,0,0,0,0,0,
043,0199,199,1938,0,0,0,0,0,0,
043,0199,199,1938,0,0,0,0,0,0,
043,0200,200,0,0,0,0,0,0,0,
043,0200,200,0,0,0,0,0,0,0,
043,0200,200,0,0,0,0,0,0,0,
043,0200,200,0,0,0,0,0,0,0,
043,0200,200,0,0,0,0,0,0,0,
043,0201,201,0,0,0,0,0,0,0,
043,0201,201,0,0,0,0,0,0,0,
043,0201,201,0,0,0,0,0,0,0,
043,0201,201,0,0,0,0,0,0,0,
043,0201,201,0,0,0,0,0,0,0,
043,0202,202,0,0,0,0,0,0,0,
043,0202,202,0,0,0,0,0,0,0,
043,0202,202,0,0,0,0,0,0,0,
043,0202,202,0,0,0,0,0,0,0,
043,0202,202,0,0,0,0,0,0,0,
043,0203,203,3046,26,0,18,8,0,0,
043,0203,203,3046,61,0,42,19,0,0,
043,0203,203,3046,5,0,1,4,0,0,
043,0203,203,3046,0,0,0,0,0,0,
043,0203,203,3046,0,0,0,0,0,0,
043,0204,204,335,0,0,0,0,0,0,
043,0204,204,335,12,0,11,1,0,0,
043,0204,204,335,0,0,0,0,0,0,
043,0204,204,335,0,0,0,0,0,0,
043,0204,204,335,0,0,0,0,0,0,
043,0205,205,28,0,0,0,0,0,0,
043,0205,205,28,0,0,0,0,0,0,
043,0205,205,28,0,0,0,0,0,0,
043,0205,205,28,0,0,0,0,0,0,
043,0205,205,28,0,0,0,0,0,0,
043,0206,206,1614,20,0,18,2,0,0,
043,0206,206,1614,22,0,14,8,0,0,
043,0206,206,1614,5,0,4,1,0,0,
043,0206,206,1614,0,0,0,0,0,0,
043,0206,206,1614,0,0,0,0,0,0,
043,0207,207,3811,32,0,22,10,0,0,
043,0207,207,3811,35,0,22,13,0,0,
043,0207,207,3811,7,0,2,5,0,0,
043,0207,207,3811,0,0,0,0,0,0,
043,0207,207,3811,0,0,0,0,0,0,
043,0208,208,1856,12,0,9,3,0,0,
043,0208,208,1856,30,0,25,5,0,0,
043,0208,208,1856,5,0,4,1,0,0,
043,0208,208,1856,0,0,0,0,0,0,
043,0208,208,1856,0,0,0,0,0,0,
043,0209,209,831,10,0,8,2,0,0,
043,0209,209,831,1,0,1,0,0,0,
043,0209,209,831,1,0,1,0,0,0,
043,0209,209,831,0,0,0,0,0,0,
043,0209,209,831,0,0,0,0,0,0,
043,0210,210,1525,5,0,1,4,0,0,
043,0210,210,1525,16,1,10,5,0,1,
043,0210,210,1525,1,0,1,0,0,0,
043,0210,210,1525,0,0,0,0,0,0,
043,0210,210,1525,0,0,0,0,0,0,
043,0211,211,3192,29,0,14,15,0,0,
043,0211,211,3192,34,0,22,12,0,0,
043,0211,211,3192,11,0,8,3,0,0,
043,0211,211,3192,0,0,0,0,0,0,
043,0211,211,3192,0,0,0,0,0,0,
043,0212,212,3789,18,1,10,7,0,1,
043,0212,212,3789,20,0,16,4,0,0,
043,0212,212,3789,1,0,0,1,0,0,
043,0212,212,3789,0,0,0,0,0,0,
043,0212,212,3789,0,0,0,0,0,0,
043,0213,213,3246,21,0,12,9,0,0,
043,0213,213,3246,37,0,25,12,0,0,
043,0213,213,3246,4,0,2,2,0,0,
043,0213,213,3246,0,0,0,0,0,0,
043,0213,213,3246,0,0,0,0,0,0,
043,0214,214,3774,47,0,28,19,0,0,
043,0214,214,3774,56,0,39,17,0,0,
043,0214,214,3774,4,0,3,1,0,0,
043,0214,214,3774,0,0,0,0,0,0,
043,0214,214,3774,0,0,0,0,0,0,
043,0215,215,2131,31,1,22,8,0,1,
043,0215,215,2131,26,0,17,9,0,0,
043,0215,215,2131,4,0,1,3,0,0,
043,0215,215,2131,0,0,0,0,0,0,
043,0215,215,2131,0,0,0,0,0,0,
043,0216,216,5604,62,0,39,23,0,0,
043,0216,216,5604,46,0,30,16,0,0,
043,0216,216,5604,5,0,4,1,0,0,
043,0216,216,5604,0,0,0,0,0,0,
043,0216,216,5604,0,0,0,0,0,0,
043,0217,217,2216,19,0,13,6,0,0,
043,0217,217,2216,30,0,16,14,0,0,
043,0217,217,2216,3,0,2,1,0,0,
043,0217,217,2216,0,0,0,0,0,0,
043,0217,217,2216,0,0,0,0,0,0,
043,0218,218,3539,23,0,19,4,0,0,
043,0218,218,3539,27,1,17,9,0,1,
043,0218,218,3539,1,0,0,1,0,0,
043,0218,218,3539,0,0,0,0,0,0,
043,0218,218,3539,0,0,0,0,0,0,
043,0219,219,2870,30,0,23,7,0,0,
043,0219,219,2870,50,0,31,19,0,0,
043,0219,219,2870,8,0,3,5,0,0,
043,0219,219,2870,0,0,0,0,0,0,
043,0219,219,2870,0,0,0,0,0,0,
043,0220,220,3640,19,1,14,4,0,1,
043,0220,220,3640,28,0,21,7,0,0,
043,0220,220,3640,8,0,2,6,0,0,
043,0220,220,3640,0,0,0,0,0,0,
043,0220,220,3640,0,0,0,0,0,0,
043,0221,221,4646,47,0,39,8,0,0,
043,0221,221,4646,47,2,35,11,0,1,
043,0221,221,4646,13,0,4,9,0,0,
043,0221,221,4646,0,0,0,0,0,0,
043,0221,221,4646,0,0,0,0,0,0,
043,0222,222,3018,33,0,20,13,0,0,
043,0222,222,3018,34,0,26,8,0,0,
043,0222,222,3018,4,0,2,2,0,0,
043,0222,222,3018,0,0,0,0,0,0,
043,0222,222,3018,0,0,0,0,0,0,
043,0223,223,1815,26,0,23,3,0,0,
043,0223,223,1815,29,0,25,4,0,0,
043,0223,223,1815,3,0,3,0,0,0,
043,0223,223,1815,0,0,0,0,0,0,
043,0223,223,1815,0,0,0,0,0,0,
043,0224,224,2248,26,0,19,7,0,0,
043,0224,224,2248,28,0,16,12,0,0,
043,0224,224,2248,3,0,1,2,0,0,
043,0224,224,2248,0,0,0,0,0,0,
043,0224,224,2248,0,0,0,0,0,0,
043,0225,225,3513,26,0,20,6,0,0,
043,0225,225,3513,19,1,14,5,0,0,
043,0225,225,3513,3,0,1,2,0,0,
043,0225,225,3513,0,0,0,0,0,0,
043,0225,225,3513,0,0,0,0,0,0,
043,0226,226,4247,48,0,33,15,0,0,
043,0226,226,4247,37,0,26,11,0,0,
043,0226,226,4247,6,0,4,2,0,0,
043,0226,226,4247,0,0,0,0,0,0,
043,0226,226,4247,0,0,0,0,0,0,
043,0227,227,4112,41,0,29,12,0,0,
043,0227,227,4112,28,1,17,11,0,0,
043,0227,227,4112,8,0,3,5,0,0,
043,0227,227,4112,0,0,0,0,0,0,
043,0227,227,4112,0,0,0,0,0,0,
043,0228,228,3748,25,0,11,14,0,0,
043,0228,228,3748,14,0,12,2,0,0,
043,0228,228,3748,7,0,2,5,0,0,
043,0228,228,3748,0,0,0,0,0,0,
043,0228,228,3748,0,0,0,0,0,0,
043,0229,229,1057,3,0,1,2,0,0,
043,0229,229,1057,6,0,1,5,0,0,
043,0229,229,1057,0,0,0,0,0,0,
043,0229,229,1057,0,0,0,0,0,0,
043,0229,229,1057,0,0,0,0,0,0,
043,0230,230,3892,20,1,8,12,0,0,
043,0230,230,3892,20,0,18,2,0,0,
043,0230,230,3892,8,0,3,5,0,0,
043,0230,230,3892,0,0,0,0,0,0,
043,0230,230,3892,0,0,0,0,0,0,
043,0231,231,2619,24,0,13,11,0,0,
043,0231,231,2619,33,0,22,11,0,0,
043,0231,231,2619,5,1,4,0,0,1,
043,0231,231,2619,0,0,0,0,0,0,
043,0231,231,2619,0,0,0,0,0,0,
043,0232,232,3042,15,0,13,2,0,0,
043,0232,232,3042,23,1,14,9,0,0,
043,0232,232,3042,5,0,2,3,0,0,
043,0232,232,3042,0,0,0,0,0,0,
043,0232,232,3042,0,0,0,0,0,0,
043,0233,233,1615,16,0,13,3,0,0,
043,0233,233,1615,11,0,9,2,0,0,
043,0233,233,1615,4,0,3,1,0,0,
043,0233,233,1615,0,0,0,0,0,0,
043,0233,233,1615,0,0,0,0,0,0,
043,0234,234,1636,14,1,6,8,0,0,
043,0234,234,1636,27,0,22,5,0,0,
043,0234,234,1636,1,0,0,1,0,0,
043,0234,234,1636,0,0,0,0,0,0,
043,0234,234,1636,0,0,0,0,0,0,
043,0235,235,1859,16,1,9,6,0,1,
043,0235,235,1859,19,0,14,5,0,0,
043,0235,235,1859,5,0,0,5,0,0,
043,0235,235,1859,0,0,0,0,0,0,
043,0235,235,1859,0,0,0,0,0,0,
043,0236,236,2706,32,0,21,11,0,0,
043,0236,236,2706,63,0,52,11,0,0,
043,0236,236,2706,5,0,3,2,0,0,
043,0236,236,2706,0,0,0,0,0,0,
043,0236,236,2706,0,0,0,0,0,0,
043,0237,237,2091,14,1,11,3,0,0,
043,0237,237,2091,18,0,15,3,0,0,
043,0237,237,2091,5,0,1,4,0,0,
043,0237,237,2091,0,0,0,0,0,0,
043,0237,237,2091,0,0,0,0,0,0,
043,0238,238,3277,15,0,8,7,0,0,
043,0238,238,3277,20,0,12,8,0,0,
043,0238,238,3277,6,0,4,2,0,0,
043,0238,238,3277,0,0,0,0,0,0,
043,0238,238,3277,0,0,0,0,0,0,
043,0239,239,3884,48,0,35,13,0,0,
043,0239,239,3884,22,1,14,8,0,0,
043,0239,239,3884,3,0,1,2,0,0,
043,0239,239,3884,0,0,0,0,0,0,
043,0239,239,3884,0,0,0,0,0,0,
043,ZZZ,COUNTY TOTALS,616959,15310,103,10568,4676,0,66,