﻿<?xml version="1.0" encoding="utf-8"?><Cvr xmlns:xsi="http://www.w3.org/2001/XMLSchema-instance" xmlns:xsd="http://www.w3.org/2001/XMLSchema" xmlns="http://tempuri.org/CVRDesign.xsd"><Contests><Contest><Name>United States Senator</Name><Id>b19cd58a-8ad0-4f4a-b34c-6d200fc96646</Id><Options><Option><Name>Ted Cruz</Name><Id>440763bf-5b40-4ced-bf5d-255e7eee07a3</Id><Value>1</Value></Option></Options></Contest><Contest><Name>United States Representative, District No. 8</Name><Id>129f08b0-ccb2-4da5-8c00-6f6bc8daf9e9</Id><Options><Option><Name>Kevin Brady</Name><Id>7659c95c-8a11-46a4-a373-993f352f08d5</Id><Value>1</Value></Option></Options></Contest><Contest><Name>Governor</Name><Id>7b4006f4-685c-4bbe-861c-00b922d92c16</Id><Options><Option><Name>Barbara Krueger</Name><Id>f1f149f2-93dd-4dab-b2cd-8a89310065b1</Id><Value>1</Value></Option></Options></Contest><Contest><Name>Lieutenant Governor</Name><Id>ebd6a9c8-ec26-4341-a365-b3f213746034</Id><Options><Option><Name>Scott Milder</Name><Id>51e1264a-a057-4d92-a7a2-c378a428d610</Id><Value>1</Value></Option></Options></Contest><Contest><Name>Attorney General</Name><Id>46b459e3-507d-41a9-9bf2-bf04bf46d467</Id><Options><Option><Name>Ken Paxton</Name><Id>10f5c0aa-086f-46e4-804a-595db751157e</Id><Value>1</Value></Option></Options></Contest><Contest><Name>Comptroller of Public Accounts</Name><Id>2ef1f73c-66a5-44f0-99c4-487b2f357aa9</Id><Options /><Undervotes>1</Undervotes></Contest><Contest><Name>Commissioner of the General Land Office</Name><Id>afcc3c1f-9613-450d-9b8b-1d4575181960</Id><Options /><Undervotes>1</Undervotes></Contest><Contest><Name>Commissioner of Agriculture</Name><Id>ebf39cc8-ef83-42fd-b476-0f1a6efd0651</Id><Options /><Undervotes>1</Undervotes></Contest><Contest><Name>Railroad Commissioner</Name><Id>b06e64b6-6e4a-48eb-a04b-cfb6bfd5a140</Id><Options /><Undervotes>1</Undervotes></Contest><Contest><Name>Justice, Supreme Court, Place 2</Name><Id>e098f2db-1c83-4fb5-8dbf-e9cc628891ec</Id><Options /><Undervotes>1</Undervotes></Contest><Contest><Name>Justice, Supreme Court, Place 4</Name><Id>0961d30f-573c-450d-a6df-26d2744660bc</Id><Options /><Undervotes>1</Undervotes></Contest><Contest><Name>Justice, Supreme Court, Place 6</Name><Id>bdc0277e-092b-4b2f-b968-7f8292f7eae2</Id><Options /><Undervotes>1</Undervotes></Contest><Contest><Name>Presiding Judge, Court of Criminal Appeals</Name><Id>1fbb7fe6-6b83-4993-9346-07cf06b65d2e</Id><Options /><Undervotes>1</Undervotes></Contest><Contest><Name>Judge, Court of Criminal Appeals, Place 7</Name><Id>592a0563-2568-4563-a9f8-a70f987c09af</Id><Options /><Undervotes>1</Undervotes></Contest><Contest><Name>Judge, Court of Criminal Appeals, Place 8</Name><Id>ce1f6d10-ed7f-412b-b38a-f9e951c5f751</Id><Options /><Undervotes>1</Undervotes></Contest><Contest><Name>State Senator, District No. 3</Name><Id>4ff8c51c-7d05-48be-8c51-cde9263f5067</Id><Options /><Undervotes>1</Undervotes></Contest><Contest><Name>State Representative,
District No. 18</Name><Id>018abd2e-1fc2-45a3-ac5a-589b94884105</Id><Options><Option><Name>Ernest Bailes</Name><Id>d81e4180-9401-4385-8056-f55ea7a74dc8</Id><Value>1</Value></Option></Options></Contest><Contest><Name>Justice, 9th Court of Appeals District, Place No. 3</Name><Id>db724e2c-049a-4e67-929f-d04a5610cf05</Id><Options /><Undervotes>1</Undervotes></Contest><Contest><Name>Justice, 9th Court of Appeals District, Place No. 4</Name><Id>661bfd1e-275d-4b81-a2e4-809a82546a8d</Id><Options /><Undervotes>1</Undervotes></Contest><Contest><Name>District Judge, 258th Judicial District</Name><Id>ae98775e-5156-4a28-833c-32c307d81984</Id><Options /><Undervotes>1</Undervotes></Contest><Contest><Name>Criminal District Attorney</Name><Id>9bd12e4f-ea4e-47e1-8769-1d9a91a2733b</Id><Options><Option><Name>Robert H. Trapp</Name><Id>989eb69b-54e0-4be3-8e22-f1218ba47349</Id><Value>1</Value></Option></Options></Contest><Contest><Name>County Judge</Name><Id>b80d2874-87a7-4704-90c5-a06df444adfe</Id><Options><Option><Name>Fritz Faulkner</Name><Id>5b69b3bb-f78c-4ad9-a6b5-6a33e0fe77e1</Id><Value>1</Value></Option></Options></Contest><Contest><Name>District Clerk</Name><Id>5faf7943-0c7f-47ce-80fa-cf0f69130b13</Id><Options /><Undervotes>1</Undervotes></Contest><Contest><Name>County Clerk</Name><Id>1bc2e51d-662c-4702-acff-ac41347ff26c</Id><Options /><Undervotes>1</Undervotes></Contest><Contest><Name>County Tax Assessor-Collector 
(unexpired term)</Name><Id>6fe0f392-d7bc-457f-bfe4-544991268097</Id><Options /><Undervotes>1</Undervotes></Contest><Contest><Name>County Treasurer</Name><Id>27d8142e-3939-446d-a359-6e99b19b8c61</Id><Options /><Undervotes>1</Undervotes></Contest><Contest><Name>Justice of the Peace,
Precinct No. 1</Name><Id>c731eec1-f83b-4d57-a5a8-81f11993141c</Id><Options><Option><Name>Jodie Richey Jones</Name><Id>97ea8ad0-52e8-46e0-b631-7c2ed152dc32</Id><Value>1</Value></Option></Options></Contest><Contest><Name>County Chairman</Name><Id>f6a87bbe-1919-4977-ab01-8541204c0806</Id><Options /><Undervotes>1</Undervotes></Contest><Contest><Name>Proposition 1</Name><Id>7da7c9b3-c940-4ae7-a989-7957ad6ac74c</Id><Options /><Undervotes>1</Undervotes></Contest><Contest><Name>Proposition 2</Name><Id>e71c9e28-e63a-4901-8ef7-60058a091c8d</Id><Options /><Undervotes>1</Undervotes></Contest><Contest><Name>Proposition 3</Name><Id>5708500a-cb02-47b1-a4a6-c38ca4932a85</Id><Options /><Undervotes>1</Undervotes></Contest><Contest><Name>Proposition 4</Name><Id>54ed3272-9624-470f-bd2a-ea9e7bfce7f0</Id><Options /><Undervotes>1</Undervotes></Contest><Contest><Name>Proposition 5</Name><Id>d291cf0c-25a9-4755-9019-968edd163a0f</Id><Options /><Undervotes>1</Undervotes></Contest><Contest><Name>Proposition 6</Name><Id>5b0764cc-3027-465d-93c2-de15931a9984</Id><Options /><Undervotes>1</Undervotes></Contest><Contest><Name>Proposition 7</Name><Id>07469e62-23d1-414f-abd7-e785bf681e2c</Id><Options /><Undervotes>1</Undervotes></Contest><Contest><Name>Proposition 8</Name><Id>18bf4399-f71e-445e-bc6a-127a8eb84847</Id><Options /><Undervotes>1</Undervotes></Contest><Contest><Name>Proposition 9</Name><Id>9027ff14-4b82-4c1a-82c2-85daf053bc50</Id><Options /><Undervotes>1</Undervotes></Contest><Contest><Name>Proposition 10</Name><Id>5fa7b946-89b8-41b3-b4a8-3ce3462a1239</Id><Options /><Undervotes>1</Undervotes></Contest><Contest><Name>Proposition 11</Name><Id>5c897c6d-671f-4216-9336-ce1b39e62846</Id><Options /><Undervotes>1</Undervotes></Contest></Contests><SheetNumber>1</SheetNumber><PrecinctSplit><Name>1</Name><Id>dd17aadb-ba3f-4e6c-89e9-3a36b61badf9</Id></PrecinctSplit><Party><Name>REPUBLICAN PARTY</Name><Id>395cb1e5-7255-46ab-904d-c7b5e91b17d7</Id></Party></Cvr>