﻿<?xml version="1.0" encoding="utf-8"?><Cvr xmlns:xsi="http://www.w3.org/2001/XMLSchema-instance" xmlns:xsd="http://www.w3.org/2001/XMLSchema" xmlns="http://tempuri.org/CVRDesign.xsd"><Contests><Contest><Name>United States Senator</Name><Id>b48e1067-714e-4098-b34a-47f398a596f7</Id><Options><Option><Name>Beto O'Rourke</Name><Id>0dff9896-4b78-4f20-8ce0-066cbcc97fe7</Id><Value>1</Value></Option></Options></Contest><Contest><Name>United States Representative, District No. 8</Name><Id>4f644599-c3f5-4a14-8d85-076a24050e3b</Id><Options><Option><Name>Steven David</Name><Id>43c28dd7-3632-406a-b887-99652d658dd1</Id><Value>1</Value></Option></Options></Contest><Contest><Name>Governor</Name><Id>4bccde2a-d043-4526-987a-34bbe6b0c0ae</Id><Options><Option><Name>Cedric Davis, Sr.</Name><Id>7ea3e932-0c6a-4584-a76a-01016c5bc1ca</Id><Value>1</Value></Option></Options></Contest><Contest><Name>Lieutenant Governor</Name><Id>06be1c12-f107-4bdc-8e8b-98034308b390</Id><Options><Option><Name>Mike Collier</Name><Id>2bc388e2-7f7f-421d-8d3e-ceb964c30991</Id><Value>1</Value></Option></Options></Contest><Contest><Name>Attorney General</Name><Id>e91d6592-8e9c-400b-a50a-d67a0d14128d</Id><Options><Option><Name>Justin Nelson</Name><Id>3df2cf74-2a4f-418f-b36f-b0a1b3f30a5c</Id><Value>1</Value></Option></Options></Contest><Contest><Name>Comptroller of Public Accounts</Name><Id>7e84a81b-004c-4323-969d-2413f7f871a8</Id><Options><Option><Name>Tim Mahoney</Name><Id>e083ddfd-1661-4bc4-bd2e-8b6f4acb6349</Id><Value>1</Value></Option></Options></Contest><Contest><Name>Commissioner of the General Land Office</Name><Id>4f6f0985-acc3-46e8-8f7d-b1bd15a6de43</Id><Options><Option><Name>Miguel Suazo</Name><Id>e5812d56-2ef3-4e6d-a4df-5abbdfdea4a9</Id><Value>1</Value></Option></Options></Contest><Contest><Name>Commissioner of Agriculture</Name><Id>eaaebcdb-ed79-4d5b-9134-f245a1969b15</Id><Options><Option><Name>Kim Olson</Name><Id>92a7f0fe-8c21-4cd8-accb-62965628750d</Id><Value>1</Value></Option></Options></Contest><Contest><Name>Railroad Commissioner</Name><Id>0653bdda-b14e-4d78-ad2f-f3274ddf5c26</Id><Options><Option><Name>Chris Spellmon</Name><Id>f537991c-d3e3-4bf4-b362-5d4272007d51</Id><Value>1</Value></Option></Options></Contest><Contest><Name>Justice, Supreme Court, Place 2</Name><Id>45bd8aac-3861-45e5-a359-874cbabd5dbd</Id><Options><Option><Name>Steven Kirkland</Name><Id>6c941f07-6535-4a16-bf11-d0a652b78a65</Id><Value>1</Value></Option></Options></Contest><Contest><Name>Justice, Supreme Court, Place 4</Name><Id>a83cb6d8-a6eb-4ef5-8bbe-a939a1944935</Id><Options><Option><Name>R.K. Sandill</Name><Id>b0232ffc-b27f-4289-885e-ca3bd81253de</Id><Value>1</Value></Option></Options></Contest><Contest><Name>Justice, Supreme Court, Place 6</Name><Id>2955bdd2-ecc8-4e57-ac2c-81858dc99baa</Id><Options><Option><Name>Kathy Cheng</Name><Id>03275de3-94d3-412c-bcf8-72030b7e7a2d</Id><Value>1</Value></Option></Options></Contest><Contest><Name>Presiding Judge, Court of Criminal Appeals</Name><Id>1202cc0c-9983-416c-a73a-9d3625140bc7</Id><Options><Option><Name>Maria T. (Terri) Jackson</Name><Id>849f4bf0-a42c-431d-8a53-f9d6389715e4</Id><Value>1</Value></Option></Options></Contest><Contest><Name>Judge, Court of Criminal Appeals, Place 7</Name><Id>3cef56d8-3f8c-4648-b2de-a8b576ce8d90</Id><Options><Option><Name>Ramona Franklin</Name><Id>6fbfb896-1f8d-4509-81a2-c274dae1ac44</Id><Value>1</Value></Option></Options></Contest><Contest><Name>State Senator, District No. 3</Name><Id>fae90ebc-dd02-4507-8763-05047f983596</Id><Options><Option><Name>Shirley Layton</Name><Id>66db71c8-af36-461a-bb6e-d5d4c131f1a9</Id><Value>1</Value></Option></Options></Contest><Contest><Name>State Representative,
District No. 18</Name><Id>7a738d39-4036-4fd5-87f8-df56f5d9383c</Id><Options><Option><Name>Fred Lemond</Name><Id>59e05f6a-3815-4406-a036-4ed6e09bf9f5</Id><Value>1</Value></Option></Options></Contest><Contest><Name>County Judge</Name><Id>c8f68ba3-21f5-4c01-bf89-7635bdfb40c5</Id><Options><Option><Name>Earl Brown</Name><Id>7d7fe8e7-a2c6-42b1-9c69-3bab2518fb4d</Id><Value>1</Value></Option></Options></Contest><Contest><Name>County Chairman</Name><Id>19e370ed-d4e4-46a1-a66d-bb5320dff734</Id><Options><Option><Name>Sunny Garbarino</Name><Id>70ace095-265b-41da-a442-3963e3700c4a</Id><Value>1</Value></Option></Options></Contest><Contest><Name>Proposition #1</Name><Id>bdcc2002-f368-43aa-83eb-30e26147200e</Id><Options><Option><Name>Yes</Name><Id>b59bc3cf-f6c4-4412-9bc5-f35dafd98f18</Id><Value>1</Value></Option></Options></Contest><Contest><Name>Proposition #2</Name><Id>8ad59b1f-d07d-4482-843b-e474c943e56f</Id><Options><Option><Name>Yes</Name><Id>478fdb5c-f9d5-4ccf-9804-4d409a29cf95</Id><Value>1</Value></Option></Options></Contest><Contest><Name>Proposition #3</Name><Id>b0970a1c-5fa6-4c1c-8746-b223838d2bb4</Id><Options><Option><Name>Yes</Name><Id>b33bf978-695a-4a1d-bd85-1c0f15b394a1</Id><Value>1</Value></Option></Options></Contest><Contest><Name>Proposition #4</Name><Id>25f22e19-f34f-4fb5-a27b-65068efa5fb3</Id><Options><Option><Name>Yes</Name><Id>a3bbf85e-3fc8-4d94-ac52-bd49b524261f</Id><Value>1</Value></Option></Options></Contest><Contest><Name>Proposition #5</Name><Id>47125dcd-f4c6-4268-a021-4fd99b6d360a</Id><Options><Option><Name>Yes</Name><Id>cf5aed6a-82c0-45f9-a696-e89328480bdf</Id><Value>1</Value></Option></Options></Contest><Contest><Name>Proposition #6</Name><Id>57383f73-160a-4bf3-afd3-93119c4ee5eb</Id><Options><Option><Name>Yes</Name><Id>e53a9f1d-2483-4363-8ec2-eb2f2a36a05e</Id><Value>1</Value></Option></Options></Contest><Contest><Name>Proposition #7</Name><Id>1c279dd9-6b52-4206-bb33-428c36a27b5e</Id><Options><Option><Name>Yes</Name><Id>ab25d285-c338-480f-8f43-c99a223f718b</Id><Value>1</Value></Option></Options></Contest><Contest><Name>Proposition #8</Name><Id>d7f4b23c-d844-41b2-b590-900522e1a36b</Id><Options><Option><Name>Yes</Name><Id>7739fe04-e20d-49bc-bc97-74132009dcd6</Id><Value>1</Value></Option></Options></Contest><Contest><Name>Proposition #9</Name><Id>6a5d75cc-fdb1-428a-8c2c-49395ee5fccc</Id><Options><Option><Name>Yes</Name><Id>43626417-e150-4ab9-b3df-9671e0f4dc94</Id><Value>1</Value></Option></Options></Contest><Contest><Name>Proposition #10</Name><Id>88bee009-f93b-48cb-93f7-81f254f648cb</Id><Options><Option><Name>Yes</Name><Id>20b92475-0fb3-42fd-9184-170bf5c3b237</Id><Value>1</Value></Option></Options></Contest><Contest><Name>Proposition #11</Name><Id>009167a3-9df6-43a6-9d5f-71435b3da0cf</Id><Options><Option><Name>Yes</Name><Id>1d9a01f3-21e9-4415-8572-390aa668ed92</Id><Value>1</Value></Option></Options></Contest><Contest><Name>Proposition #12</Name><Id>f0711312-2d93-4658-8b83-a12e548fab64</Id><Options><Option><Name>Yes</Name><Id>c80855c9-2fab-463d-841a-b550431ae128</Id><Value>1</Value></Option></Options></Contest></Contests><SheetNumber>1</SheetNumber><PrecinctSplit><Name>10</Name><Id>dd5c3df1-9f6d-4aed-9cda-9b16a2cea603</Id></PrecinctSplit><Party><Name>DEMOCRATIC PARTY</Name><Id>4f0bc647-3366-4768-8aa4-d3c8a9e595f9</Id></Party></Cvr>