﻿<?xml version="1.0" encoding="utf-8"?><Cvr xmlns:xsi="http://www.w3.org/2001/XMLSchema-instance" xmlns:xsd="http://www.w3.org/2001/XMLSchema" xmlns="http://tempuri.org/CVRDesign.xsd"><Contests><Contest><Name>United States Senator</Name><Id>b48e1067-714e-4098-b34a-47f398a596f7</Id><Options /><Undervotes>1</Undervotes></Contest><Contest><Name>United States Representative, District No. 8</Name><Id>4f644599-c3f5-4a14-8d85-076a24050e3b</Id><Options /><Undervotes>1</Undervotes></Contest><Contest><Name>Governor</Name><Id>4bccde2a-d043-4526-987a-34bbe6b0c0ae</Id><Options /><Undervotes>1</Undervotes></Contest><Contest><Name>Lieutenant Governor</Name><Id>06be1c12-f107-4bdc-8e8b-98034308b390</Id><Options /><Undervotes>1</Undervotes></Contest><Contest><Name>Attorney General</Name><Id>e91d6592-8e9c-400b-a50a-d67a0d14128d</Id><Options /><Undervotes>1</Undervotes></Contest><Contest><Name>Comptroller of Public Accounts</Name><Id>7e84a81b-004c-4323-969d-2413f7f871a8</Id><Options /><Undervotes>1</Undervotes></Contest><Contest><Name>Commissioner of the General Land Office</Name><Id>4f6f0985-acc3-46e8-8f7d-b1bd15a6de43</Id><Options /><Undervotes>1</Undervotes></Contest><Contest><Name>Commissioner of Agriculture</Name><Id>eaaebcdb-ed79-4d5b-9134-f245a1969b15</Id><Options /><Undervotes>1</Undervotes></Contest><Contest><Name>Railroad Commissioner</Name><Id>0653bdda-b14e-4d78-ad2f-f3274ddf5c26</Id><Options /><Undervotes>1</Undervotes></Contest><Contest><Name>Justice, Supreme Court, Place 2</Name><Id>45bd8aac-3861-45e5-a359-874cbabd5dbd</Id><Options /><Undervotes>1</Undervotes></Contest><Contest><Name>Justice, Supreme Court, Place 4</Name><Id>a83cb6d8-a6eb-4ef5-8bbe-a939a1944935</Id><Options /><Undervotes>1</Undervotes></Contest><Contest><Name>Justice, Supreme Court, Place 6</Name><Id>2955bdd2-ecc8-4e57-ac2c-81858dc99baa</Id><Options /><Undervotes>1</Undervotes></Contest><Contest><Name>Presiding Judge, Court of Criminal Appeals</Name><Id>1202cc0c-9983-416c-a73a-9d3625140bc7</Id><Options /><Undervotes>1</Undervotes></Contest><Contest><Name>Judge, Court of Criminal Appeals, Place 7</Name><Id>3cef56d8-3f8c-4648-b2de-a8b576ce8d90</Id><Options /><Undervotes>1</Undervotes></Contest><Contest><Name>State Senator, District No. 3</Name><Id>fae90ebc-dd02-4507-8763-05047f983596</Id><Options /><Undervotes>1</Undervotes></Contest><Contest><Name>State Representative,
District No. 18</Name><Id>7a738d39-4036-4fd5-87f8-df56f5d9383c</Id><Options /><Undervotes>1</Undervotes></Contest><Contest><Name>County Judge</Name><Id>c8f68ba3-21f5-4c01-bf89-7635bdfb40c5</Id><Options><Option><Name>Earl Brown</Name><Id>7d7fe8e7-a2c6-42b1-9c69-3bab2518fb4d</Id><Value>1</Value></Option></Options></Contest><Contest><Name>County Chairman</Name><Id>19e370ed-d4e4-46a1-a66d-bb5320dff734</Id><Options /><Undervotes>1</Undervotes></Contest><Contest><Name>Proposition #1</Name><Id>bdcc2002-f368-43aa-83eb-30e26147200e</Id><Options /><Undervotes>1</Undervotes></Contest><Contest><Name>Proposition #2</Name><Id>8ad59b1f-d07d-4482-843b-e474c943e56f</Id><Options><Option><Name>Yes</Name><Id>478fdb5c-f9d5-4ccf-9804-4d409a29cf95</Id><Value>1</Value></Option></Options></Contest><Contest><Name>Proposition #3</Name><Id>b0970a1c-5fa6-4c1c-8746-b223838d2bb4</Id><Options><Option><Name>Yes</Name><Id>b33bf978-695a-4a1d-bd85-1c0f15b394a1</Id><Value>1</Value></Option></Options></Contest><Contest><Name>Proposition #4</Name><Id>25f22e19-f34f-4fb5-a27b-65068efa5fb3</Id><Options /><Undervotes>1</Undervotes></Contest><Contest><Name>Proposition #5</Name><Id>47125dcd-f4c6-4268-a021-4fd99b6d360a</Id><Options /><Undervotes>1</Undervotes></Contest><Contest><Name>Proposition #6</Name><Id>57383f73-160a-4bf3-afd3-93119c4ee5eb</Id><Options /><Undervotes>1</Undervotes></Contest><Contest><Name>Proposition #7</Name><Id>1c279dd9-6b52-4206-bb33-428c36a27b5e</Id><Options><Option><Name>Yes</Name><Id>ab25d285-c338-480f-8f43-c99a223f718b</Id><Value>1</Value></Option></Options></Contest><Contest><Name>Proposition #8</Name><Id>d7f4b23c-d844-41b2-b590-900522e1a36b</Id><Options><Option><Name>Yes</Name><Id>7739fe04-e20d-49bc-bc97-74132009dcd6</Id><Value>1</Value></Option></Options></Contest><Contest><Name>Proposition #9</Name><Id>6a5d75cc-fdb1-428a-8c2c-49395ee5fccc</Id><Options /><Undervotes>1</Undervotes></Contest><Contest><Name>Proposition #10</Name><Id>88bee009-f93b-48cb-93f7-81f254f648cb</Id><Options><Option><Name>Yes</Name><Id>20b92475-0fb3-42fd-9184-170bf5c3b237</Id><Value>1</Value></Option></Options></Contest><Contest><Name>Proposition #11</Name><Id>009167a3-9df6-43a6-9d5f-71435b3da0cf</Id><Options><Option><Name>Yes</Name><Id>1d9a01f3-21e9-4415-8572-390aa668ed92</Id><Value>1</Value></Option></Options></Contest><Contest><Name>Proposition #12</Name><Id>f0711312-2d93-4658-8b83-a12e548fab64</Id><Options /><Undervotes>1</Undervotes></Contest></Contests><SheetNumber>1</SheetNumber><PrecinctSplit><Name>2</Name><Id>f513e830-c913-4878-bfff-218af3300aae</Id></PrecinctSplit><Party><Name>DEMOCRATIC PARTY</Name><Id>4f0bc647-3366-4768-8aa4-d3c8a9e595f9</Id></Party></Cvr>