﻿<?xml version="1.0" encoding="utf-8"?><Cvr xmlns:xsi="http://www.w3.org/2001/XMLSchema-instance" xmlns:xsd="http://www.w3.org/2001/XMLSchema" xmlns="http://tempuri.org/CVRDesign.xsd"><Contests><Contest><Name>United States Senator</Name><Id>b19cd58a-8ad0-4f4a-b34c-6d200fc96646</Id><Options><Option><Name>Bruce Jacobson, Jr.</Name><Id>a775fbaf-063d-4947-a91f-fed48fbc306c</Id><Value>1</Value></Option></Options></Contest><Contest><Name>United States Representative, District No. 8</Name><Id>129f08b0-ccb2-4da5-8c00-6f6bc8daf9e9</Id><Options /><Undervotes>1</Undervotes></Contest><Contest><Name>Governor</Name><Id>7b4006f4-685c-4bbe-861c-00b922d92c16</Id><Options /><Undervotes>1</Undervotes></Contest><Contest><Name>Lieutenant Governor</Name><Id>ebd6a9c8-ec26-4341-a365-b3f213746034</Id><Options><Option><Name>Scott Milder</Name><Id>51e1264a-a057-4d92-a7a2-c378a428d610</Id><Value>1</Value></Option></Options></Contest><Contest><Name>Attorney General</Name><Id>46b459e3-507d-41a9-9bf2-bf04bf46d467</Id><Options /><Undervotes>1</Undervotes></Contest><Contest><Name>Comptroller of Public Accounts</Name><Id>2ef1f73c-66a5-44f0-99c4-487b2f357aa9</Id><Options /><Undervotes>1</Undervotes></Contest><Contest><Name>Commissioner of the General Land Office</Name><Id>afcc3c1f-9613-450d-9b8b-1d4575181960</Id><Options /><Undervotes>1</Undervotes></Contest><Contest><Name>Commissioner of Agriculture</Name><Id>ebf39cc8-ef83-42fd-b476-0f1a6efd0651</Id><Options /><Undervotes>1</Undervotes></Contest><Contest><Name>Railroad Commissioner</Name><Id>b06e64b6-6e4a-48eb-a04b-cfb6bfd5a140</Id><Options /><Undervotes>1</Undervotes></Contest><Contest><Name>Justice, Supreme Court, Place 2</Name><Id>e098f2db-1c83-4fb5-8dbf-e9cc628891ec</Id><Options /><Undervotes>1</Undervotes></Contest><Contest><Name>Justice, Supreme Court, Place 4</Name><Id>0961d30f-573c-450d-a6df-26d2744660bc</Id><Options /><Undervotes>1</Undervotes></Contest><Contest><Name>Justice, Supreme Court, Place 6</Name><Id>bdc0277e-092b-4b2f-b968-7f8292f7eae2</Id><Options /><Undervotes>1</Undervotes></Contest><Contest><Name>Presiding Judge, Court of Criminal Appeals</Name><Id>1fbb7fe6-6b83-4993-9346-07cf06b65d2e</Id><Options><Option><Name>David Bridges</Name><Id>a169cd6e-82fb-4666-b8a5-d4bfde9189d0</Id><Value>1</Value></Option></Options></Contest><Contest><Name>Judge, Court of Criminal Appeals, Place 7</Name><Id>592a0563-2568-4563-a9f8-a70f987c09af</Id><Options /><Undervotes>1</Undervotes></Contest><Contest><Name>Judge, Court of Criminal Appeals, Place 8</Name><Id>ce1f6d10-ed7f-412b-b38a-f9e951c5f751</Id><Options /><Undervotes>1</Undervotes></Contest><Contest><Name>State Senator, District No. 3</Name><Id>4ff8c51c-7d05-48be-8c51-cde9263f5067</Id><Options /><Undervotes>1</Undervotes></Contest><Contest><Name>State Representative,
District No. 18</Name><Id>018abd2e-1fc2-45a3-ac5a-589b94884105</Id><Options /><Undervotes>1</Undervotes></Contest><Contest><Name>Justice, 9th Court of Appeals District, Place No. 3</Name><Id>db724e2c-049a-4e67-929f-d04a5610cf05</Id><Options /><Undervotes>1</Undervotes></Contest><Contest><Name>Justice, 9th Court of Appeals District, Place No. 4</Name><Id>661bfd1e-275d-4b81-a2e4-809a82546a8d</Id><Options /><Undervotes>1</Undervotes></Contest><Contest><Name>District Judge, 258th Judicial District</Name><Id>ae98775e-5156-4a28-833c-32c307d81984</Id><Options /><Undervotes>1</Undervotes></Contest><Contest><Name>Criminal District Attorney</Name><Id>9bd12e4f-ea4e-47e1-8769-1d9a91a2733b</Id><Options /><Undervotes>1</Undervotes></Contest><Contest><Name>County Judge</Name><Id>b80d2874-87a7-4704-90c5-a06df444adfe</Id><Options><Option><Name>Robert L. Reynolds</Name><Id>d9880cdd-3ddb-4048-83f0-17ce637299ff</Id><Value>1</Value></Option></Options></Contest><Contest><Name>District Clerk</Name><Id>5faf7943-0c7f-47ce-80fa-cf0f69130b13</Id><Options><Option><Name>Tammy Currie</Name><Id>941fd5ed-b297-4976-bc62-99ad24f1c46c</Id><Value>1</Value></Option></Options></Contest><Contest><Name>County Clerk</Name><Id>1bc2e51d-662c-4702-acff-ac41347ff26c</Id><Options><Option><Name>Dawn Wright</Name><Id>22c8e1c5-eabc-4e5a-bddc-b673d378b123</Id><Value>1</Value></Option></Options></Contest><Contest><Name>County Tax Assessor-Collector 
(unexpired term)</Name><Id>6fe0f392-d7bc-457f-bfe4-544991268097</Id><Options><Option><Name>Betty Davis</Name><Id>ac309796-33f6-406c-b9d8-3cc98549fd94</Id><Value>1</Value></Option></Options></Contest><Contest><Name>County Treasurer</Name><Id>27d8142e-3939-446d-a359-6e99b19b8c61</Id><Options><Option><Name>DeeDee Adams</Name><Id>27a69f01-546e-460e-b27d-487a27fd1e21</Id><Value>1</Value></Option></Options></Contest><Contest><Name>County Commissioner,
Precinct No. 4</Name><Id>94392666-e4df-4ea3-88b9-b30445a019e4</Id><Options><Option><Name>Will Copeland</Name><Id>a758aaac-5705-4fe7-ba49-6da682e090a5</Id><Value>1</Value></Option></Options></Contest><Contest><Name>Justice of the Peace,
Precinct No. 4</Name><Id>444157d1-980b-4998-9a3c-45b98c11258a</Id><Options><Option><Name>Wade Runnels</Name><Id>47221107-03b4-4e69-b62a-bcfc16d0b817</Id><Value>1</Value></Option></Options></Contest><Contest><Name>County Chairman</Name><Id>f6a87bbe-1919-4977-ab01-8541204c0806</Id><Options /><Undervotes>1</Undervotes></Contest><Contest><Name>Proposition 1</Name><Id>7da7c9b3-c940-4ae7-a989-7957ad6ac74c</Id><Options><Option><Name>YES</Name><Id>b3233346-cbca-4871-b752-765dd5a6abcf</Id><Value>1</Value></Option></Options></Contest><Contest><Name>Proposition 2</Name><Id>e71c9e28-e63a-4901-8ef7-60058a091c8d</Id><Options><Option><Name>YES</Name><Id>a81a4f8b-5503-4559-b810-d5935d4bb607</Id><Value>1</Value></Option></Options></Contest><Contest><Name>Proposition 3</Name><Id>5708500a-cb02-47b1-a4a6-c38ca4932a85</Id><Options><Option><Name>YES</Name><Id>4520962b-a435-4914-b9c8-39f3c2c2bdc1</Id><Value>1</Value></Option></Options></Contest><Contest><Name>Proposition 4</Name><Id>54ed3272-9624-470f-bd2a-ea9e7bfce7f0</Id><Options><Option><Name>YES</Name><Id>f03131c7-ec2d-431e-a2cc-400a72b33a04</Id><Value>1</Value></Option></Options></Contest><Contest><Name>Proposition 5</Name><Id>d291cf0c-25a9-4755-9019-968edd163a0f</Id><Options><Option><Name>YES</Name><Id>6164d76b-3629-4d6b-9006-1b548995cc88</Id><Value>1</Value></Option></Options></Contest><Contest><Name>Proposition 6</Name><Id>5b0764cc-3027-465d-93c2-de15931a9984</Id><Options><Option><Name>YES</Name><Id>eb22531b-95ac-40ea-805f-dfac579dc729</Id><Value>1</Value></Option></Options></Contest><Contest><Name>Proposition 7</Name><Id>07469e62-23d1-414f-abd7-e785bf681e2c</Id><Options><Option><Name>NO</Name><Id>5ce6d4af-cd44-4054-90ec-176db615cd77</Id><Value>1</Value></Option></Options></Contest><Contest><Name>Proposition 8</Name><Id>18bf4399-f71e-445e-bc6a-127a8eb84847</Id><Options><Option><Name>YES</Name><Id>58ce278b-c0b8-4cd1-9b37-ff9bdc8ee145</Id><Value>1</Value></Option></Options></Contest><Contest><Name>Proposition 9</Name><Id>9027ff14-4b82-4c1a-82c2-85daf053bc50</Id><Options><Option><Name>NO</Name><Id>9f8b2c64-1f67-4631-b616-159df0c75d13</Id><Value>1</Value></Option></Options></Contest><Contest><Name>Proposition 10</Name><Id>5fa7b946-89b8-41b3-b4a8-3ce3462a1239</Id><Options><Option><Name>YES</Name><Id>262deab4-d23d-4b75-85a0-17ea7259a1da</Id><Value>1</Value></Option></Options></Contest><Contest><Name>Proposition 11</Name><Id>5c897c6d-671f-4216-9336-ce1b39e62846</Id><Options><Option><Name>YES</Name><Id>92a196b8-78e6-4f65-965c-08fb6f76efd4</Id><Value>1</Value></Option></Options></Contest></Contests><SheetNumber>1</SheetNumber><PrecinctSplit><Name>8</Name><Id>86f7a5ca-8a53-42c8-87cd-026d7ed8774c</Id></PrecinctSplit><Party><Name>REPUBLICAN PARTY</Name><Id>395cb1e5-7255-46ab-904d-c7b5e91b17d7</Id></Party></Cvr>