﻿<?xml version="1.0" encoding="utf-8"?><Cvr xmlns:xsi="http://www.w3.org/2001/XMLSchema-instance" xmlns:xsd="http://www.w3.org/2001/XMLSchema" xmlns="http://tempuri.org/CVRDesign.xsd"><Contests><Contest><Name>Proposition 5</Name><Id>09e314bd-1491-44ce-9b3a-e672037a1545</Id><Options><Option><Name>Yes</Name><Id>6162b0c4-33aa-41bd-9855-6da25fcb1446</Id><Value>1</Value></Option></Options></Contest><Contest><Name>Proposition 6</Name><Id>4b1c77cb-7a4a-4558-bda1-81f12cb1dea4</Id><Options><Option><Name>Yes</Name><Id>06ada20f-786e-4c0e-b2ce-07d7ff45c23c</Id><Value>1</Value></Option></Options></Contest><Contest><Name>Proposition 7</Name><Id>14c08243-854b-4393-bffc-393521d9e417</Id><Options><Option><Name>Yes</Name><Id>1c2d1152-1090-4274-8125-c8123e6bbb81</Id><Value>1</Value></Option></Options></Contest><Contest><Name>Proposition 8</Name><Id>2e9b9ad1-792a-4a34-b2c4-0c55b448f80b</Id><Options><Option><Name>Yes</Name><Id>36f64bef-6448-4c39-ab11-ef4e58340000</Id><Value>1</Value></Option></Options></Contest><Contest><Name>Proposition 9</Name><Id>08109163-230c-42b2-b610-af37eb8d638d</Id><Options><Option><Name>Yes</Name><Id>c3971c58-d9c4-47f6-9dad-87f6cecbec3c</Id><Value>1</Value></Option></Options></Contest><Contest><Name>Proposition 10</Name><Id>3988bf4e-e5bf-4f50-8a76-278452c52d9b</Id><Options><Option><Name>Yes</Name><Id>67de654d-49c8-4628-b315-f26777f1a69e</Id><Value>1</Value></Option></Options></Contest></Contests><SheetNumber>2</SheetNumber><PrecinctSplit><Name>7</Name><Id>14feeef9-3299-47b1-a173-96a8c35ba107</Id></PrecinctSplit><Party><Name>Republican Party</Name><Id>d49f3e59-9b13-4393-951b-a349b39eef49</Id></Party></Cvr>