﻿<?xml version="1.0" encoding="utf-8"?><Cvr xmlns:xsi="http://www.w3.org/2001/XMLSchema-instance" xmlns:xsd="http://www.w3.org/2001/XMLSchema" xmlns="http://tempuri.org/CVRDesign.xsd"><Contests><Contest><Name>President</Name><Id>947a71db-6d41-4ce4-a535-45f386d89624</Id><Options><Option><Name>Donald J. Trump</Name><Id>5000218b-d28b-434a-b0d2-4e1b25dc3b8a</Id><Value>1</Value></Option></Options></Contest><Contest><Name>United States Senator</Name><Id>1c6e56cd-ec16-4a93-a450-007ba445b930</Id><Options><Option><Name>John Cornyn</Name><Id>7cd790a2-2f3a-4ef4-b0b6-6a951d9e9a34</Id><Value>1</Value></Option></Options></Contest><Contest><Name>United States Representative,
District No. 8</Name><Id>66028300-e527-4aa3-9646-edd8dbe830f7</Id><Options><Option><Name>Kevin Brady</Name><Id>411d3d3f-3b88-4575-9403-4ce982764eae</Id><Value>1</Value></Option></Options></Contest><Contest><Name>Railroad Commissioner</Name><Id>f6948cc1-98da-4f02-bea6-9ebb11f94762</Id><Options /><Undervotes>1</Undervotes></Contest><Contest><Name>Chief Justice, Supreme Court</Name><Id>248d523d-e80e-4796-8c82-04ab37d00082</Id><Options /><Undervotes>1</Undervotes></Contest><Contest><Name>Justice, Supreme Court, Place 6
Unexpired Term</Name><Id>dfc01fde-b8fc-4397-b7ad-9008473971a3</Id><Options /><Undervotes>1</Undervotes></Contest><Contest><Name>Justice, Supreme Court, Place 7</Name><Id>28b61bcb-4812-4fb2-9c0c-cfc0ea55195a</Id><Options /><Undervotes>1</Undervotes></Contest><Contest><Name>Justice, Supreme Court, Place 8</Name><Id>c0a44e78-6687-4a6a-ae21-0f4515434a15</Id><Options /><Undervotes>1</Undervotes></Contest><Contest><Name>Judge, Court of Criminal Appeals, Place 3</Name><Id>da7201fc-0ec9-474b-94ec-83f63dfd8410</Id><Options /><Undervotes>1</Undervotes></Contest><Contest><Name>Judge, Court of Criminal Appeals, Place 4</Name><Id>6a037fef-1d38-4674-843c-f5325fa7234c</Id><Options /><Undervotes>1</Undervotes></Contest><Contest><Name>Judge, Court of Criminal Appeals, Place 9</Name><Id>d4bb9610-8e93-4834-9bb2-1cb00df08d5a</Id><Options /><Undervotes>1</Undervotes></Contest><Contest><Name>Member, State Board of Education, District 8</Name><Id>37e8390c-2051-43a6-bb37-16031992cab2</Id><Options /><Undervotes>1</Undervotes></Contest><Contest><Name>State Representative, District 18</Name><Id>fac06364-0c12-464b-922e-0b24cac81ae4</Id><Options><Option><Name>Ernest Bailes</Name><Id>a4de3683-cf1e-4377-a108-bf16c5bab19b</Id><Value>1</Value></Option></Options></Contest><Contest><Name>Chief Justice, 9th Court of Appeals District</Name><Id>4fb4d9f0-4439-412e-b6d2-f59f908df623</Id><Options><Option><Name>Scott Golemon</Name><Id>26d63835-6032-4081-a6f1-acfc713e1645</Id><Value>1</Value></Option></Options></Contest><Contest><Name>District Judge, 411th Judicial District</Name><Id>03f62ea4-b7c9-41b5-a7b6-22cf0b00e68c</Id><Options><Option><Name>Kaycee L. Jones</Name><Id>9b62841e-68b1-4beb-a6fc-4f7237818444</Id><Value>1</Value></Option></Options></Contest><Contest><Name>Sheriff</Name><Id>6747b6bc-8382-4e49-900b-513fb94ee67b</Id><Options><Option><Name>Greg Capers</Name><Id>d9e0f294-26df-47c0-864e-3d71ebe9b0f6</Id><Value>1</Value></Option></Options></Contest><Contest><Name>County Tax Assessor-Collector</Name><Id>af754a0b-27c6-4c2b-b165-8c03361d619c</Id><Options><Option><Name>Betty Davis</Name><Id>1509fc69-3e90-46e8-8b08-32605a29cb56</Id><Value>1</Value></Option></Options></Contest><Contest><Name>County Commissioner, Precinct 1</Name><Id>62e10a78-3611-43f8-9009-eab46192b72a</Id><Options /><Undervotes>1</Undervotes></Contest><Contest><Name>Constable, Precinct 1</Name><Id>c7e5671a-fbc6-4cf5-840c-18cca7a5d133</Id><Options><Option><Name>Roy Rogers</Name><Id>d7c2f9b7-b260-4509-896a-1d8f641fb5fa</Id><Value>1</Value></Option></Options></Contest><Contest><Name>San Jacinto County Chairman</Name><Id>53a73230-616c-4bae-8f6b-e5661e7bb2b4</Id><Options /><Undervotes>1</Undervotes></Contest><Contest><Name>Proposition 1</Name><Id>b9a19f4e-70a6-4faf-a36b-3a150261182f</Id><Options><Option><Name>Yes</Name><Id>14e358e0-74df-4291-89df-29d80825c1f5</Id><Value>1</Value></Option></Options></Contest><Contest><Name>Proposition 2</Name><Id>b09783b5-4539-413e-bef4-6a4ca7ef673e</Id><Options><Option><Name>Yes</Name><Id>47a5bbe9-1bab-40fa-9ab5-1c37ee1f13a0</Id><Value>1</Value></Option></Options></Contest><Contest><Name>Proposition 3</Name><Id>67e77e9c-de33-4953-b8fd-bc009193183a</Id><Options><Option><Name>Yes</Name><Id>45c52f62-e11a-4212-96e7-72547eafab99</Id><Value>1</Value></Option></Options></Contest><Contest><Name>Proposition 4</Name><Id>88bbf4ac-3334-4537-ab57-35047e9304e3</Id><Options><Option><Name>Yes</Name><Id>d1cce301-dec2-47a0-b153-ef97f1dd5c6e</Id><Value>1</Value></Option></Options></Contest><Contest><Name>Proposition 5</Name><Id>09e314bd-1491-44ce-9b3a-e672037a1545</Id><Options><Option><Name>No</Name><Id>8e4b946e-ad77-453c-953b-0e4decee792f</Id><Value>1</Value></Option></Options></Contest><Contest><Name>Proposition 6</Name><Id>4b1c77cb-7a4a-4558-bda1-81f12cb1dea4</Id><Options /><Undervotes>1</Undervotes></Contest><Contest><Name>Proposition 7</Name><Id>14c08243-854b-4393-bffc-393521d9e417</Id><Options /><Undervotes>1</Undervotes></Contest><Contest><Name>Proposition 8</Name><Id>2e9b9ad1-792a-4a34-b2c4-0c55b448f80b</Id><Options><Option><Name>Yes</Name><Id>36f64bef-6448-4c39-ab11-ef4e58340000</Id><Value>1</Value></Option></Options></Contest><Contest><Name>Proposition 9</Name><Id>08109163-230c-42b2-b610-af37eb8d638d</Id><Options><Option><Name>Yes</Name><Id>c3971c58-d9c4-47f6-9dad-87f6cecbec3c</Id><Value>1</Value></Option></Options></Contest><Contest><Name>Proposition 10</Name><Id>3988bf4e-e5bf-4f50-8a76-278452c52d9b</Id><Options><Option><Name>No</Name><Id>ebaee15e-af29-442b-8eef-3af0bb6d8cea</Id><Value>1</Value></Option></Options></Contest></Contests><SheetNumber>1</SheetNumber><PrecinctSplit><Name>1</Name><Id>9b972890-c596-436c-b4ea-24bbaf9baaf8</Id></PrecinctSplit><Party><Name>Republican Party</Name><Id>d49f3e59-9b13-4393-951b-a349b39eef49</Id></Party></Cvr>