﻿<?xml version="1.0" encoding="utf-8"?><Cvr xmlns:xsi="http://www.w3.org/2001/XMLSchema-instance" xmlns:xsd="http://www.w3.org/2001/XMLSchema" xmlns="http://tempuri.org/CVRDesign.xsd"><Contests><Contest><Name>President</Name><Id>947a71db-6d41-4ce4-a535-45f386d89624</Id><Options><Option><Name>Donald J. Trump</Name><Id>5000218b-d28b-434a-b0d2-4e1b25dc3b8a</Id><Value>1</Value></Option></Options></Contest><Contest><Name>United States Senator</Name><Id>1c6e56cd-ec16-4a93-a450-007ba445b930</Id><Options><Option><Name>John Cornyn</Name><Id>7cd790a2-2f3a-4ef4-b0b6-6a951d9e9a34</Id><Value>1</Value></Option></Options></Contest><Contest><Name>United States Representative,
District No. 8</Name><Id>66028300-e527-4aa3-9646-edd8dbe830f7</Id><Options /><Undervotes>1</Undervotes></Contest><Contest><Name>Railroad Commissioner</Name><Id>f6948cc1-98da-4f02-bea6-9ebb11f94762</Id><Options><Option><Name>James "Jim" Wright</Name><Id>4260c793-37f2-4acd-8f05-6e40f0bd111e</Id><Value>1</Value></Option></Options></Contest><Contest><Name>Chief Justice, Supreme Court</Name><Id>248d523d-e80e-4796-8c82-04ab37d00082</Id><Options><Option><Name>Nathan Hecht</Name><Id>251c590e-8fd3-472a-aae1-a6b1c47d4748</Id><Value>1</Value></Option></Options></Contest><Contest><Name>Justice, Supreme Court, Place 6
Unexpired Term</Name><Id>dfc01fde-b8fc-4397-b7ad-9008473971a3</Id><Options><Option><Name>Jane Bland</Name><Id>1de349e6-9c56-42dc-86b2-a0aab31b8c22</Id><Value>1</Value></Option></Options></Contest><Contest><Name>Justice, Supreme Court, Place 7</Name><Id>28b61bcb-4812-4fb2-9c0c-cfc0ea55195a</Id><Options><Option><Name>Jeff Boyd</Name><Id>2cf48950-be35-418e-a293-072bb88d373a</Id><Value>1</Value></Option></Options></Contest><Contest><Name>Justice, Supreme Court, Place 8</Name><Id>c0a44e78-6687-4a6a-ae21-0f4515434a15</Id><Options><Option><Name>Brett Busby</Name><Id>aa7443c8-97bb-4991-b948-7b3b86241f1e</Id><Value>1</Value></Option></Options></Contest><Contest><Name>Judge, Court of Criminal Appeals, Place 3</Name><Id>da7201fc-0ec9-474b-94ec-83f63dfd8410</Id><Options><Option><Name>Gina Parker</Name><Id>ae402425-c806-4cec-a2b9-a9be628cb884</Id><Value>1</Value></Option></Options></Contest><Contest><Name>Judge, Court of Criminal Appeals, Place 4</Name><Id>6a037fef-1d38-4674-843c-f5325fa7234c</Id><Options><Option><Name>Kevin Patrick Yeary</Name><Id>50778f85-0712-4a06-bdba-51103d5b7234</Id><Value>1</Value></Option></Options></Contest><Contest><Name>Judge, Court of Criminal Appeals, Place 9</Name><Id>d4bb9610-8e93-4834-9bb2-1cb00df08d5a</Id><Options><Option><Name>David Newell</Name><Id>3c319c5e-85c0-49ae-bbb7-1031f27b4d6b</Id><Value>1</Value></Option></Options></Contest><Contest><Name>Member, State Board of Education, District 8</Name><Id>37e8390c-2051-43a6-bb37-16031992cab2</Id><Options><Option><Name>Audrey Young</Name><Id>f9961fc1-e9b3-46c4-bfe0-249f33d6038c</Id><Value>1</Value></Option></Options></Contest><Contest><Name>State Representative, District 18</Name><Id>fac06364-0c12-464b-922e-0b24cac81ae4</Id><Options /><Undervotes>1</Undervotes></Contest><Contest><Name>Chief Justice, 9th Court of Appeals District</Name><Id>4fb4d9f0-4439-412e-b6d2-f59f908df623</Id><Options><Option><Name>Jay Wright</Name><Id>f17bcae8-3752-4467-9fef-81335df4c5a9</Id><Value>1</Value></Option></Options></Contest><Contest><Name>District Judge, 411th Judicial District</Name><Id>03f62ea4-b7c9-41b5-a7b6-22cf0b00e68c</Id><Options /><Undervotes>1</Undervotes></Contest><Contest><Name>Sheriff</Name><Id>6747b6bc-8382-4e49-900b-513fb94ee67b</Id><Options /><Undervotes>1</Undervotes></Contest><Contest><Name>County Tax Assessor-Collector</Name><Id>af754a0b-27c6-4c2b-b165-8c03361d619c</Id><Options /><Undervotes>1</Undervotes></Contest><Contest><Name>Constable, Precinct 2</Name><Id>2322dc3b-197f-4a0a-9d60-1afd63a7061e</Id><Options /><Undervotes>1</Undervotes></Contest><Contest><Name>San Jacinto County Chairman</Name><Id>53a73230-616c-4bae-8f6b-e5661e7bb2b4</Id><Options /><Undervotes>1</Undervotes></Contest><Contest><Name>Proposition 1</Name><Id>b9a19f4e-70a6-4faf-a36b-3a150261182f</Id><Options><Option><Name>Yes</Name><Id>14e358e0-74df-4291-89df-29d80825c1f5</Id><Value>1</Value></Option></Options></Contest><Contest><Name>Proposition 2</Name><Id>b09783b5-4539-413e-bef4-6a4ca7ef673e</Id><Options><Option><Name>Yes</Name><Id>47a5bbe9-1bab-40fa-9ab5-1c37ee1f13a0</Id><Value>1</Value></Option></Options></Contest><Contest><Name>Proposition 3</Name><Id>67e77e9c-de33-4953-b8fd-bc009193183a</Id><Options><Option><Name>Yes</Name><Id>45c52f62-e11a-4212-96e7-72547eafab99</Id><Value>1</Value></Option></Options></Contest><Contest><Name>Proposition 4</Name><Id>88bbf4ac-3334-4537-ab57-35047e9304e3</Id><Options><Option><Name>Yes</Name><Id>d1cce301-dec2-47a0-b153-ef97f1dd5c6e</Id><Value>1</Value></Option></Options></Contest></Contests><SheetNumber>1</SheetNumber><PrecinctSplit><Name>2</Name><Id>ecd09def-a49b-45ae-b2b3-22fc2802dc03</Id></PrecinctSplit><Party><Name>Republican Party</Name><Id>d49f3e59-9b13-4393-951b-a349b39eef49</Id></Party></Cvr>