COUNTY NUMBER,PRECINCT CODE,PRECINCT NAME,REGISTERED VOTERS TOTAL,BALLOTS CAST TOTAL,BALLOTS CAST - Republican Party,BALLOTS CAST - Democratic Party,BALLOTS CAST BLANK,"DEM US Rep, District 1","DEM US Rep, District 1","DEM US Rep, District 1","DEM US Rep, District 1","DEM US Rep, District 1","DEM US Rep, District 1",DEM Governor,DEM Governor,DEM Governor,DEM Governor,DEM Governor,DEM Governor,DEM Governor,DEM Lieutenant Governor,DEM Lieutenant Governor,DEM Lieutenant Governor,DEM Lieutenant Governor,DEM Lieutenant Governor,DEM Attorney General,DEM Attorney General,DEM Attorney General,DEM Attorney General,DEM Attorney General,DEM Attorney General,DEM Attorney General,DEM Comm General Land Office,DEM Comm General Land Office,DEM Comm General Land Office,DEM Comm General Land Office,DEM Comm General Land Office,DEM Comm General Land Office,DEM Commissioner of Agriculture,DEM Commissioner of Agriculture,DEM Commissioner of Agriculture,DEM Commissioner of Agriculture,DEM Railroad Commissioner,DEM Railroad Commissioner,DEM Railroad Commissioner,"DEM Justice, Supreme Court, Pl 3","DEM Justice, Supreme Court, Pl 3","DEM Justice, Supreme Court, Pl 3","DEM Justice, Supreme Court, Pl 5","DEM Justice, Supreme Court, Pl 5","DEM Justice, Supreme Court, Pl 5","DEM Justice, Supreme Court, Pl 9","DEM Justice, Supreme Court, Pl 9","DEM Justice, Supreme Court, Pl 9","DEM Judge, Ct of Crim App, Pl 5","DEM Judge, Ct of Crim App, Pl 5","DEM Judge, Ct of Crim App, Pl 5","DEM Judge, Ct of Crim App, Pl 6","DEM Judge, Ct of Crim App, Pl 6","DEM Judge, Ct of Crim App, Pl 6","DEM State Representative, Dist 6","DEM State Representative, Dist 6","DEM State Representative, Dist 6",DEM County Commissioner Pct 4,DEM County Commissioner Pct 4,DEM County Commissioner Pct 4,DEM JOP Pct 1,DEM JOP Pct 1,DEM JOP Pct 1,DEM JOP Pct 1,DEM JOP Pct 3,DEM JOP Pct 3,DEM JOP Pct 3,DEM JOP Pct 4,DEM JOP Pct 4,DEM JOP Pct 4,DEM County Chair,DEM County Chair,DEM County Chair,DEM County Chair,
,,,,,REP,DEM,,DEM,DEM,DEM,DEM,DEM,DEM,DEM,DEM,DEM,DEM,DEM,DEM,DEM,DEM,DEM,DEM,DEM,DEM,DEM,DEM,DEM,DEM,DEM,DEM,DEM,DEM,DEM,DEM,DEM,DEM,DEM,DEM,DEM,DEM,DEM,DEM,DEM,DEM,DEM,DEM,DEM,DEM,DEM,DEM,DEM,DEM,DEM,DEM,DEM,DEM,DEM,DEM,DEM,DEM,DEM,DEM,DEM,DEM,DEM,DEM,DEM,DEM,DEM,DEM,DEM,DEM,DEM,DEM,DEM,DEM,DEM,DEM,DEM,
,,,VOTERS,BALLOTS CAST,BALLOTS CAST,BALLOTS CAST,BALLOTS CAST,Jrmar (JJ) Jefferson,Gavin Dass,Victor D. Dunn,Stephen Kocen,OVER VOTES,UNDER VOTES,Michael Cooper,Joy Diaz,Inocencio (Inno) Barrientez,Rich Wakeland,Beto O'Rourke,OVER VOTES,UNDER VOTES,Michelle Beckley,Carla Brailey,Mike Collier,OVER VOTES,UNDER VOTES,Lee Merritt,Rochelle Mercedes Garza,"S. ""TBONE"" Raynor",Mike Fields,Joe Jaworski,OVER VOTES,UNDER VOTES,Jinny Suh,Sandragrace Martinez,Michael Lange,Jay Kleberg,OVER VOTES,UNDER VOTES,Susan Hays,Ed Ireson,OVER VOTES,UNDER VOTES,Luke Warford,OVER VOTES,UNDER VOTES,Erin A Nowell,OVER VOTES,UNDER VOTES,Amanda Reichek,OVER VOTES,UNDER VOTES,Julia Maldonado,OVER VOTES,UNDER VOTES,Dana Huffman,OVER VOTES,UNDER VOTES,Robert Johnson,OVER VOTES,UNDER VOTES,Cody J. Grace,OVER VOTES,UNDER VOTES,"Ralph E. Caraway, Sr.",OVER VOTES,UNDER VOTES,Derrick Choice,"Quincy Beavers, Jr.",OVER VOTES,UNDER VOTES,Dustin G. Stephens,OVER VOTES,UNDER VOTES,Randy Hawkins,OVER VOTES,UNDER VOTES,Hank Gilbert,Hector Garza,OVER VOTES,UNDER VOTES,
SMITH,0001,Precinct 0001,526,3,2,1,0,1,0,0,0,0,0,0,0,0,0,1,0,0,1,0,0,0,0,1,0,0,0,0,0,0,1,0,0,0,0,0,1,0,0,0,1,0,0,1,0,0,1,0,0,1,0,0,1,0,0,1,0,0,1,0,0,1,0,0,1,0,0,0,0,0,0,0,0,0,1,0,0,0,
SMITH,0001,Precinct 0001,526,15,6,9,0,6,2,1,0,0,0,1,0,0,0,8,0,0,5,3,1,0,0,6,2,0,0,1,0,0,1,4,4,0,0,0,7,2,0,0,7,0,2,9,0,0,8,0,1,8,0,1,8,0,1,8,0,1,9,0,0,9,0,0,5,4,0,0,0,0,0,0,0,0,4,5,0,0,
SMITH,0001,Precinct 0001,526,17,5,12,0,6,2,0,1,0,3,1,2,0,0,7,0,2,4,4,0,0,4,4,3,0,2,0,0,3,2,5,1,0,0,4,8,0,0,4,8,0,4,7,0,5,9,0,3,10,0,2,8,0,4,7,0,5,8,0,4,10,0,2,6,4,0,2,0,0,0,0,0,0,4,7,0,1,
SMITH,0002,Precinct 0002,811,6,0,6,0,1,1,2,0,0,2,2,0,0,0,4,0,0,5,0,0,0,1,3,0,0,1,1,0,1,1,0,2,2,0,1,4,1,0,1,6,0,0,6,0,0,6,0,0,5,0,1,6,0,0,6,0,0,5,0,1,6,0,0,4,2,0,0,0,0,0,0,0,0,4,2,0,0,
SMITH,0002,Precinct 0002,811,31,2,29,0,14,2,6,5,0,2,3,2,1,0,22,0,1,10,14,4,0,1,13,8,3,1,3,0,1,2,8,11,5,0,3,24,3,0,2,23,0,6,22,0,7,23,0,6,21,0,8,21,0,8,21,0,8,21,0,8,25,0,4,17,10,0,2,0,0,0,0,0,0,10,16,0,3,
SMITH,0002,Precinct 0002,811,21,4,17,0,3,3,5,1,0,5,3,2,0,0,11,0,1,4,5,2,0,6,7,5,1,0,1,0,3,0,6,6,2,0,3,12,0,0,5,9,0,8,10,0,7,9,0,8,11,0,6,10,0,7,11,0,6,9,0,8,13,0,4,7,8,0,2,0,0,0,0,0,0,4,10,0,3,
SMITH,0003,Precinct 0003,2420,31,13,18,0,4,5,5,3,0,1,0,0,0,0,18,0,0,2,4,10,0,2,6,4,0,1,6,0,1,3,1,4,8,0,2,9,7,0,2,15,0,3,14,0,4,14,0,4,14,0,4,15,0,3,14,0,4,14,0,4,0,0,0,0,0,0,0,0,0,0,0,0,0,8,8,0,2,
SMITH,0003,Precinct 0003,2420,321,268,53,0,22,10,9,5,0,7,6,0,0,1,45,0,1,5,18,23,0,7,13,10,0,9,16,0,5,12,10,7,16,0,8,39,8,0,6,43,0,10,42,0,11,44,0,9,43,0,10,42,0,11,41,0,12,41,0,12,0,0,0,0,0,0,0,0,0,0,0,0,0,26,24,0,3,
SMITH,0003,Precinct 0003,2420,259,220,39,0,17,7,8,3,0,4,1,2,0,0,35,0,1,14,11,13,0,1,5,23,1,0,9,0,1,11,10,5,9,0,4,28,9,0,2,36,0,3,35,0,4,38,0,1,37,0,2,37,0,2,36,0,3,38,0,1,0,0,0,0,0,0,0,0,0,0,0,0,0,12,26,0,1,
SMITH,0004,Precinct 0004,1857,10,4,6,0,2,0,1,3,0,0,1,0,0,0,5,0,0,3,1,2,0,0,2,1,0,1,2,0,0,0,2,3,1,0,0,4,2,0,0,6,0,0,6,0,0,6,0,0,6,0,0,6,0,0,6,0,0,0,0,0,0,0,0,0,0,0,0,0,0,0,6,0,0,4,2,0,0,
SMITH,0004,Precinct 0004,1857,136,65,71,1,35,9,14,7,0,6,9,1,0,1,58,0,2,32,23,11,0,5,30,17,4,11,5,0,4,6,22,29,5,0,9,59,8,0,4,60,0,11,58,0,13,58,0,13,61,0,10,62,0,9,64,0,7,0,0,0,0,0,0,0,0,0,0,0,0,0,69,0,2,29,38,0,4,
SMITH,0004,Precinct 0004,1857,101,81,20,0,9,1,5,1,0,4,1,2,0,1,16,0,0,4,7,6,0,3,5,6,1,3,0,0,5,3,4,5,2,0,6,11,2,0,7,11,0,9,13,0,7,11,0,9,13,0,7,13,0,7,12,0,8,0,0,0,0,0,0,0,0,0,0,0,0,0,14,0,6,4,9,0,7,
SMITH,0005,Precinct 0005,4368,11,5,6,0,2,1,1,1,0,1,0,0,0,0,6,0,0,1,0,4,0,1,2,2,0,0,1,0,1,0,4,0,1,0,1,5,1,0,0,5,0,1,5,0,1,5,0,1,5,0,1,5,0,1,5,0,1,0,0,0,0,0,0,0,0,0,0,0,0,0,0,0,0,1,3,0,2,
SMITH,0005,Precinct 0005,4368,613,564,49,1,17,5,12,7,0,8,4,1,0,0,40,0,4,19,12,12,0,6,13,12,1,6,8,0,9,7,10,16,5,0,11,32,6,0,11,33,0,16,35,0,14,32,0,17,31,0,18,36,0,13,35,0,14,0,0,0,0,0,0,0,0,0,0,0,0,0,0,0,0,23,19,0,7,
SMITH,0005,Precinct 0005,4368,333,315,18,0,9,3,1,2,0,3,0,0,1,3,14,0,0,2,5,9,0,2,4,3,0,3,4,0,4,1,5,4,4,0,4,13,3,0,2,11,0,7,15,0,3,14,0,4,13,0,5,12,0,6,15,0,3,0,0,0,0,0,0,0,0,0,0,0,0,0,0,0,0,9,8,0,1,
SMITH,0006,Precinct 0006,977,1,0,1,0,0,0,0,1,0,0,0,0,0,0,1,0,0,0,1,0,0,0,0,0,0,0,1,0,0,0,0,0,1,0,0,1,0,0,0,1,0,0,1,0,0,1,0,0,1,0,0,1,0,0,1,0,0,0,0,0,0,0,0,0,0,0,0,0,0,0,1,0,0,1,0,0,0,
SMITH,0006,Precinct 0006,977,124,110,14,0,5,1,4,3,0,1,0,0,1,0,13,0,0,5,6,3,0,0,4,3,2,1,4,0,0,3,3,3,5,0,0,11,3,0,0,10,0,4,10,0,4,10,0,4,10,0,4,10,0,4,10,0,4,0,0,0,0,0,0,0,0,0,0,0,0,0,11,0,3,10,2,0,2,
SMITH,0006,Precinct 0006,977,157,149,8,0,3,1,2,0,0,2,0,0,0,0,8,0,0,5,0,2,0,1,3,0,0,1,3,0,1,2,1,2,2,0,1,7,0,0,1,7,0,1,4,0,4,4,0,4,5,0,3,5,0,3,4,0,4,0,0,0,0,0,0,0,0,0,0,0,0,0,5,0,3,2,4,0,2,
SMITH,0007,Precinct 0007,2016,9,6,3,0,2,0,1,0,0,0,2,0,0,0,1,0,0,0,3,0,0,0,3,0,0,0,0,0,0,1,1,1,0,0,0,3,0,0,0,3,0,0,2,0,1,2,0,1,3,0,0,2,0,1,2,0,1,0,0,0,0,0,0,0,0,0,0,0,0,0,3,0,0,2,1,0,0,
SMITH,0007,Precinct 0007,2016,161,133,28,0,15,1,6,3,0,3,2,0,1,0,24,0,1,6,11,6,0,5,6,9,0,4,3,0,6,5,6,5,5,0,7,18,5,0,5,19,0,9,19,0,9,19,0,9,21,0,7,20,0,8,21,0,7,0,0,0,0,0,0,0,0,0,0,0,0,0,24,0,4,13,12,0,3,
SMITH,0007,Precinct 0007,2016,283,262,21,0,10,5,2,2,0,2,6,1,1,1,12,0,0,15,3,3,0,0,5,7,1,5,2,0,1,4,5,10,0,0,2,17,3,0,1,16,0,5,13,0,8,17,0,4,14,0,7,12,0,9,15,0,6,0,0,0,0,0,0,0,0,0,0,0,0,0,15,0,6,15,5,0,1,
SMITH,0008,Precinct 0008,1545,13,5,8,0,3,0,1,4,0,0,1,0,0,0,7,0,0,5,2,1,0,0,1,4,1,2,0,0,0,1,1,5,0,0,1,5,3,0,0,7,0,1,7,0,1,7,0,1,7,0,1,7,0,1,7,0,1,0,0,0,0,0,0,0,0,0,0,0,0,0,7,0,1,5,3,0,0,
SMITH,0008,Precinct 0008,1545,106,98,8,0,2,1,3,2,0,0,0,0,0,0,8,0,0,3,2,3,0,0,4,2,0,0,2,0,0,1,1,5,1,0,0,6,2,0,0,8,0,0,8,0,0,8,0,0,8,0,0,8,0,0,8,0,0,0,0,0,0,0,0,0,0,0,0,0,0,0,8,0,0,5,3,0,0,
SMITH,0008,Precinct 0008,1545,248,210,38,0,14,5,9,9,0,1,4,1,0,0,31,0,2,13,10,11,0,4,14,7,3,9,2,0,3,7,9,12,6,0,4,26,10,0,2,31,0,7,29,0,9,31,0,7,30,0,8,31,0,7,32,0,6,0,0,0,0,0,0,0,0,0,0,0,0,0,33,0,5,16,18,0,4,
SMITH,0009,Precinct 0009,311,5,0,5,0,2,3,0,0,0,0,0,0,0,0,5,0,0,3,0,2,0,0,5,0,0,0,0,0,0,3,0,2,0,0,0,3,2,0,0,5,0,0,5,0,0,5,0,0,5,0,0,5,0,0,5,0,0,5,0,0,5,0,0,0,5,0,0,0,0,0,0,0,0,3,2,0,0,
SMITH,0009,Precinct 0009,311,19,4,15,0,9,2,1,1,0,2,2,0,0,0,13,0,0,1,8,4,0,2,7,3,1,3,0,0,1,1,4,4,2,0,4,7,4,0,4,7,0,8,8,0,7,10,0,5,9,0,6,9,0,6,10,0,5,9,0,6,14,0,1,7,7,0,1,0,0,0,0,0,0,9,5,0,1,
SMITH,0009,Precinct 0009,311,16,10,6,0,5,0,0,0,0,1,0,1,0,0,5,0,0,3,2,0,0,1,0,6,0,0,0,0,0,0,5,0,1,0,0,4,0,0,2,3,0,3,3,0,3,5,0,1,6,0,0,2,0,4,2,0,4,2,0,4,3,0,3,5,1,0,0,0,0,0,0,0,0,1,4,0,1,
SMITH,0010,Precinct 0010,2992,57,12,45,0,25,2,11,4,0,3,4,0,0,0,41,0,0,12,15,14,0,4,21,3,0,12,7,0,2,9,4,17,12,0,3,31,13,0,1,40,0,5,40,0,5,39,0,6,39,0,6,39,0,6,40,0,5,0,0,0,0,0,0,0,0,0,0,0,0,0,41,0,4,19,23,0,3,
SMITH,0010,Precinct 0010,2992,251,123,128,0,47,9,41,15,0,16,5,5,0,0,116,0,2,36,34,40,0,18,45,35,7,17,10,0,14,21,30,37,19,0,21,86,23,0,19,95,0,33,93,0,35,105,0,23,97,0,31,95,0,33,92,0,36,0,0,0,0,0,0,0,0,0,0,0,0,0,99,0,29,62,57,0,9,
SMITH,0010,Precinct 0010,2992,322,180,142,1,59,14,41,16,0,12,20,7,0,1,111,0,3,56,28,45,0,13,46,38,10,19,14,0,15,27,30,47,20,0,18,95,31,0,16,111,0,31,107,0,35,106,0,36,110,0,32,108,0,34,113,0,29,0,0,0,0,0,0,0,0,0,0,0,0,0,104,0,38,71,65,0,6,
SMITH,0011,Precinct 0011,2058,28,1,27,0,16,1,5,0,0,5,1,0,0,0,26,0,0,7,7,7,0,6,5,6,2,5,3,0,6,9,2,8,4,0,4,15,4,1,7,19,0,8,19,0,8,20,0,7,18,0,9,18,0,9,19,0,8,20,0,7,26,0,1,12,14,0,1,0,0,0,0,0,0,13,12,0,2,
SMITH,0011,Precinct 0011,2058,124,34,90,2,32,12,26,9,0,11,6,6,1,0,71,0,6,23,33,21,0,13,27,21,4,7,18,0,13,7,17,32,19,0,15,64,13,0,13,65,0,25,59,0,31,63,0,27,60,0,30,60,0,30,65,0,25,60,0,30,78,0,12,44,42,0,4,0,0,0,0,0,0,39,40,0,11,
SMITH,0011,Precinct 0011,2058,85,25,60,1,25,9,17,4,0,5,4,1,0,1,49,0,5,11,28,13,0,8,14,17,8,9,4,0,8,9,20,9,10,0,12,42,7,0,11,43,0,17,39,0,21,41,0,19,44,0,16,44,0,16,45,0,15,43,0,17,45,0,15,29,28,0,3,0,0,0,0,0,0,23,29,0,8,
SMITH,0012,Precinct 0012,1653,20,0,20,0,1,4,9,2,0,4,0,0,0,0,20,0,0,8,6,2,0,4,6,4,1,2,2,0,5,3,4,7,1,0,5,12,3,0,5,12,0,8,12,0,8,12,0,8,12,0,8,12,0,8,13,0,7,13,0,7,15,0,5,8,10,0,2,0,0,0,0,0,0,6,10,0,4,
SMITH,0012,Precinct 0012,1653,154,21,133,0,72,7,26,6,0,22,8,1,1,0,116,0,7,41,41,35,0,16,48,28,3,22,13,0,19,18,25,54,10,0,26,91,20,0,22,93,0,40,95,0,38,93,0,40,96,0,37,90,0,43,98,0,35,93,0,40,122,0,11,82,49,0,2,0,0,0,0,0,0,49,72,0,12,
SMITH,0012,Precinct 0012,1653,101,14,87,0,42,5,23,0,0,17,5,1,0,0,73,0,8,33,21,18,0,15,30,20,6,13,6,0,12,15,16,32,6,0,18,59,10,0,18,59,0,28,58,0,29,63,0,24,58,0,29,63,0,24,61,0,26,61,0,26,74,0,13,54,32,0,1,0,0,0,0,0,0,42,35,0,10,
SMITH,0013,Precinct 0013,1566,49,2,47,0,18,4,18,2,0,5,2,0,0,0,44,0,1,23,9,11,0,4,18,17,0,7,1,0,4,13,8,18,3,0,5,36,8,0,3,42,0,5,40,0,7,40,0,7,41,0,6,41,0,6,41,0,6,41,0,6,47,0,0,21,26,0,0,0,0,0,0,0,0,17,29,0,1,
SMITH,0013,Precinct 0013,1566,184,2,182,0,73,15,50,10,0,34,23,6,3,2,141,0,7,46,47,54,0,35,55,43,5,39,8,0,32,18,43,61,15,0,45,120,26,0,36,128,0,54,125,0,57,121,0,61,127,0,55,122,0,60,127,0,55,118,0,64,169,0,13,98,80,0,4,0,0,0,0,0,0,80,80,0,22,
SMITH,0013,Precinct 0013,1566,106,4,102,0,55,6,22,9,0,10,10,5,1,2,83,0,1,35,31,23,0,13,35,31,5,17,5,0,9,16,18,38,10,0,20,66,16,0,20,77,0,25,80,0,22,81,0,21,76,0,26,77,0,25,77,0,25,71,0,31,87,0,15,54,43,0,5,0,0,0,0,0,0,36,54,0,12,
SMITH,0014,Precinct 0014,1828,12,1,11,0,3,4,4,0,0,0,1,0,0,0,10,0,0,2,1,8,0,0,3,3,0,1,4,0,0,0,2,3,6,0,0,10,1,0,0,11,0,0,11,0,0,11,0,0,11,0,0,11,0,0,11,0,0,0,0,0,11,0,0,0,0,0,0,0,0,0,0,0,0,1,10,0,0,
SMITH,0014,Precinct 0014,1828,182,135,47,0,24,4,10,6,0,3,5,0,0,0,42,0,0,17,9,14,0,7,10,12,3,8,8,0,6,5,5,17,13,0,7,33,8,0,6,33,0,14,31,0,16,35,0,12,33,0,14,35,0,12,34,0,13,0,0,0,40,0,7,0,0,0,0,0,0,0,0,0,0,24,19,0,4,
SMITH,0014,Precinct 0014,1828,147,118,29,0,15,3,5,3,0,3,2,2,0,0,22,0,3,13,7,5,0,4,6,15,2,2,2,0,2,3,11,10,1,0,4,23,2,0,4,23,0,6,22,0,7,21,0,8,20,0,9,22,0,7,20,0,9,0,0,0,27,0,2,0,0,0,0,0,0,0,0,0,0,11,16,0,2,
SMITH,0015,Precinct 0015,3846,35,28,7,0,2,1,0,3,0,1,0,0,0,0,7,0,0,2,0,4,0,1,0,1,0,0,5,0,1,0,1,0,5,0,1,2,4,0,1,6,0,1,6,0,1,6,0,1,6,0,1,6,0,1,6,0,1,0,0,0,0,0,0,0,0,0,0,0,0,0,0,0,0,2,4,0,1,
SMITH,0015,Precinct 0015,3846,609,562,47,0,16,4,9,12,0,6,0,0,0,1,45,0,1,10,9,26,0,2,7,8,2,5,20,0,5,7,10,10,12,0,8,36,6,0,5,37,0,10,38,0,9,38,0,9,41,0,6,40,0,7,39,0,8,0,0,0,0,0,0,0,0,0,0,0,0,0,0,0,0,10,34,0,3,
SMITH,0015,Precinct 0015,3846,721,672,49,1,15,9,9,9,0,7,0,5,0,1,42,0,1,9,15,18,0,7,8,21,2,3,10,0,5,8,13,8,12,0,8,34,7,0,8,37,0,12,37,0,12,39,0,10,38,0,11,38,0,11,37,0,12,0,0,0,0,0,0,0,0,0,0,0,0,0,0,0,0,16,26,0,7,
SMITH,0016,Precinct 0016,1258,23,0,23,0,7,3,6,3,0,4,1,0,0,0,22,0,0,3,5,10,0,5,7,5,0,3,3,0,5,4,3,9,3,0,4,13,6,0,4,18,0,5,18,0,5,18,0,5,19,0,4,18,0,5,18,0,5,18,0,5,21,0,2,11,12,0,0,0,0,0,0,0,0,12,8,0,3,
SMITH,0016,Precinct 0016,1258,154,10,144,0,69,17,35,6,0,17,12,3,1,0,125,0,3,45,45,42,0,12,52,39,5,26,8,0,14,18,38,56,12,0,20,99,30,0,15,109,0,35,110,0,34,114,0,30,108,0,36,110,0,34,110,0,34,107,0,37,134,0,10,90,50,0,4,0,0,0,0,0,0,69,68,0,7,
SMITH,0016,Precinct 0016,1258,87,19,68,0,36,3,16,4,0,9,9,5,3,0,47,0,4,14,15,22,0,17,18,22,4,8,3,0,13,4,16,21,4,0,23,37,8,0,23,42,0,26,41,0,27,42,0,26,45,0,23,43,0,25,44,0,24,41,0,27,57,0,11,38,29,0,1,0,0,0,0,0,0,20,35,0,13,
SMITH,0017,Precinct 0017,1386,11,6,5,0,0,1,0,3,0,1,0,0,0,0,5,0,0,2,0,2,0,1,1,2,0,2,0,0,0,1,0,0,3,0,1,5,0,0,0,3,0,2,3,0,2,3,0,2,3,0,2,3,0,2,3,0,2,0,0,0,0,0,0,0,0,0,0,0,0,0,0,0,0,3,2,0,0,
SMITH,0017,Precinct 0017,1386,166,160,6,0,2,1,2,0,0,1,0,0,0,0,6,0,0,2,2,1,0,1,2,3,0,0,0,0,1,1,1,2,1,0,1,4,1,0,1,5,0,1,5,0,1,5,0,1,5,0,1,5,0,1,5,0,1,0,0,0,0,0,0,0,0,0,0,0,0,0,0,0,0,3,2,0,1,
SMITH,0017,Precinct 0017,1386,160,151,9,0,3,3,3,0,0,0,0,0,0,0,8,0,1,2,3,3,0,1,2,6,0,1,0,0,0,2,2,2,3,0,0,9,0,0,0,8,0,1,8,0,1,7,0,2,7,0,2,9,0,0,8,0,1,0,0,0,0,0,0,0,0,0,0,0,0,0,0,0,0,1,8,0,0,
SMITH,0018,Precinct 0018,2129,24,1,23,0,13,1,5,2,0,2,3,1,0,0,19,0,0,5,8,8,0,2,10,4,0,6,1,0,2,4,8,7,2,0,2,18,2,0,3,21,0,2,21,0,2,20,0,3,21,0,2,21,0,2,21,0,2,21,0,2,21,0,2,10,13,0,0,0,0,0,0,0,0,12,10,0,1,
SMITH,0018,Precinct 0018,2129,123,8,115,0,58,11,26,7,0,13,10,2,0,5,93,0,5,41,33,28,0,13,46,22,7,22,6,0,12,14,30,44,13,0,14,89,9,0,17,81,0,34,85,0,30,86,0,29,86,0,29,86,0,29,88,0,27,85,0,30,103,0,12,67,45,0,3,0,0,0,0,0,0,48,55,0,12,
SMITH,0018,Precinct 0018,2129,65,4,61,0,28,4,14,4,0,11,9,2,0,1,47,0,2,17,19,9,0,16,11,17,3,14,3,0,13,7,10,22,7,0,15,39,8,0,14,44,0,17,42,0,19,43,0,18,41,0,20,43,0,18,43,0,18,41,0,20,57,0,4,36,25,0,0,0,0,0,0,0,0,26,29,0,6,
SMITH,0019,Precinct 0019,5212,32,21,11,0,2,4,4,1,0,0,0,0,0,0,11,0,0,4,2,5,0,0,4,1,2,1,3,0,0,0,2,2,6,0,1,5,5,0,1,9,0,2,9,0,2,8,0,3,8,0,3,9,0,2,9,0,2,0,0,0,0,0,0,0,0,0,0,0,0,0,0,0,0,5,6,0,0,
SMITH,0019,Precinct 0019,5212,674,621,53,0,24,9,9,7,0,4,3,2,0,0,48,0,0,17,8,26,0,2,12,13,1,5,20,0,2,11,10,21,7,0,4,43,7,0,3,45,0,8,45,0,8,48,0,5,45,0,8,47,0,6,47,0,6,0,0,0,0,0,0,0,0,0,0,0,0,0,0,0,0,25,27,0,1,
SMITH,0019,Precinct 0019,5212,449,422,27,0,9,2,10,3,0,3,3,0,1,0,22,0,1,10,4,12,0,1,4,8,1,5,5,0,4,5,9,4,5,0,4,21,4,0,2,21,0,6,20,0,7,21,0,6,22,0,5,19,0,8,21,0,6,0,0,0,0,0,0,0,0,0,0,0,0,0,0,0,0,12,12,0,3,
SMITH,0020,Precinct 0020,680,1,1,0,0,0,0,0,0,0,0,0,0,0,0,0,0,0,0,0,0,0,0,0,0,0,0,0,0,0,0,0,0,0,0,0,0,0,0,0,0,0,0,0,0,0,0,0,0,0,0,0,0,0,0,0,0,0,0,0,0,0,0,0,0,0,0,0,0,0,0,0,0,0,0,0,0,0,
SMITH,0020,Precinct 0020,680,25,14,11,0,5,2,3,0,0,1,1,0,0,0,10,0,0,2,5,2,0,2,2,4,0,1,3,0,1,1,3,4,0,0,3,8,0,0,3,8,0,3,8,0,3,8,0,3,8,0,3,8,0,3,8,0,3,9,0,2,9,0,2,6,4,0,1,0,0,0,0,0,0,8,3,0,0,
SMITH,0020,Precinct 0020,680,29,15,14,0,6,1,4,1,0,2,1,1,0,0,12,0,0,8,2,4,0,0,4,6,1,2,0,0,1,2,5,4,1,0,2,13,1,0,0,12,0,2,11,0,3,13,0,1,12,0,2,11,0,3,12,0,2,12,0,2,13,0,1,6,8,0,0,0,0,0,0,0,0,4,9,0,1,
SMITH,0021,Precinct 0021,1603,18,12,6,0,1,2,1,2,0,0,0,1,0,0,5,0,0,2,0,4,0,0,0,2,0,1,3,0,0,0,0,1,5,0,0,3,3,0,0,6,0,0,6,0,0,6,0,0,6,0,0,6,0,0,6,0,0,6,0,0,0,0,0,0,0,0,0,0,0,0,0,0,0,4,2,0,0,
SMITH,0021,Precinct 0021,1603,239,221,18,0,5,3,3,6,0,1,0,0,0,0,18,0,0,4,6,7,0,1,6,3,0,3,5,0,1,7,5,1,3,0,2,13,4,0,1,15,0,3,16,0,2,16,0,2,17,0,1,16,0,2,15,0,3,15,0,3,0,0,0,0,0,0,0,0,0,0,0,0,0,10,8,0,0,
SMITH,0021,Precinct 0021,1603,222,202,20,0,10,3,4,2,0,1,0,0,0,0,20,0,0,6,4,10,0,0,7,3,1,0,9,0,0,6,3,4,7,0,0,13,7,0,0,20,0,0,20,0,0,20,0,0,20,0,0,20,0,0,20,0,0,20,0,0,0,0,0,0,0,0,0,0,0,0,0,0,0,5,15,0,0,
SMITH,0022,Precinct 0022,393,0,0,0,0,0,0,0,0,0,0,0,0,0,0,0,0,0,0,0,0,0,0,0,0,0,0,0,0,0,0,0,0,0,0,0,0,0,0,0,0,0,0,0,0,0,0,0,0,0,0,0,0,0,0,0,0,0,0,0,0,0,0,0,0,0,0,0,0,0,0,0,0,0,0,0,0,0,
SMITH,0022,Precinct 0022,393,10,6,4,0,2,1,0,0,0,1,0,0,0,0,4,0,0,3,0,0,0,1,1,2,0,0,0,0,1,0,1,1,0,0,2,3,0,0,1,3,0,1,2,0,2,3,0,1,3,0,1,3,0,1,3,0,1,2,0,2,0,0,0,3,1,0,0,0,0,0,0,0,0,3,1,0,0,
SMITH,0022,Precinct 0022,393,28,16,12,0,7,0,4,0,0,1,2,0,0,0,10,0,0,3,5,2,0,2,2,2,2,3,1,0,2,2,2,4,1,0,3,8,1,0,3,8,0,4,8,0,4,9,0,3,8,0,4,10,0,2,8,0,4,8,0,4,0,0,0,6,5,0,1,0,0,0,0,0,0,6,5,0,1,
SMITH,0023,Precinct 0023,2315,18,12,6,0,1,3,0,2,0,0,0,0,0,0,6,0,0,2,3,1,0,0,1,2,0,2,0,1,0,2,2,0,2,0,0,4,2,0,0,5,0,1,5,0,1,5,0,1,5,0,1,5,0,1,5,0,1,5,0,1,0,0,0,0,0,0,0,5,0,1,0,0,0,1,5,0,0,
SMITH,0023,Precinct 0023,2315,236,200,36,0,16,8,5,6,0,1,3,3,0,0,30,0,0,16,6,13,0,1,13,9,6,3,5,0,0,7,5,12,10,0,2,27,7,0,2,32,0,4,32,0,4,31,0,5,32,0,4,32,0,4,33,0,3,32,0,4,0,0,0,0,0,0,0,33,0,3,0,0,0,16,20,0,0,
SMITH,0023,Precinct 0023,2315,231,186,45,0,15,10,11,5,0,4,2,1,0,0,42,0,0,12,12,18,0,3,8,16,2,3,13,0,3,11,14,7,10,0,3,38,4,0,3,40,0,5,42,0,3,42,0,3,41,0,4,41,0,4,39,0,6,40,0,5,0,0,0,0,0,0,0,39,0,6,0,0,0,18,26,0,1,
SMITH,0024,Precinct 0024,2227,8,6,2,0,0,2,0,0,0,0,0,0,0,0,2,0,0,0,0,2,0,0,0,0,0,0,2,0,0,2,0,0,0,0,0,2,0,0,0,2,0,0,2,0,0,2,0,0,2,0,0,2,0,0,2,0,0,2,0,0,0,0,0,0,0,0,0,0,0,0,2,0,0,2,0,0,0,
SMITH,0024,Precinct 0024,2227,124,111,13,0,1,3,5,3,0,1,0,2,0,0,11,0,0,4,5,4,0,0,2,3,1,3,4,0,0,2,3,0,6,0,2,11,0,0,2,10,0,3,11,0,2,11,0,2,10,0,3,10,0,3,9,0,4,11,0,2,0,0,0,0,0,0,0,0,0,0,10,0,3,7,6,0,0,
SMITH,0024,Precinct 0024,2227,328,310,18,0,4,3,6,2,0,3,1,0,0,0,17,0,0,4,7,4,0,3,6,4,1,3,3,0,1,5,7,3,1,0,2,11,4,0,3,15,0,3,13,0,5,14,0,4,15,0,3,15,0,3,14,0,4,14,0,4,0,0,0,0,0,0,0,0,0,0,15,0,3,9,8,0,1,
SMITH,0025,Precinct 0025,2159,22,17,5,0,0,2,1,1,0,1,0,0,0,0,5,0,0,2,0,3,0,0,0,0,0,0,4,0,1,0,0,0,4,0,1,3,2,0,0,4,0,1,4,0,1,4,0,1,4,0,1,4,0,1,4,0,1,4,0,1,0,0,0,0,0,0,0,3,0,2,0,0,0,5,0,0,0,
SMITH,0025,Precinct 0025,2159,308,277,31,0,13,8,2,7,0,1,2,0,1,1,27,0,0,7,9,13,0,2,4,7,3,3,13,0,1,4,6,4,15,0,2,22,6,0,3,24,0,7,25,0,6,26,0,5,26,0,5,24,0,7,25,0,6,24,0,7,0,0,0,0,0,0,0,23,0,8,0,0,0,22,8,0,1,
SMITH,0025,Precinct 0025,2159,268,225,43,0,13,9,9,5,0,7,2,4,1,0,34,0,2,16,14,6,0,7,11,15,3,4,4,0,6,12,8,9,6,0,8,30,6,0,7,31,0,12,31,0,12,31,0,12,36,0,7,35,0,8,35,0,8,34,0,9,0,0,0,0,0,0,0,32,0,11,0,0,0,14,25,0,4,
SMITH,0026,Precinct 0026,2867,13,8,5,0,0,3,1,1,0,0,0,0,0,0,5,0,0,2,0,3,0,0,1,2,0,0,2,0,0,1,2,1,1,0,0,1,4,0,0,5,0,0,5,0,0,5,0,0,5,0,0,5,0,0,5,0,0,5,0,0,0,0,0,0,0,0,0,5,0,0,0,0,0,1,3,0,1,
SMITH,0026,Precinct 0026,2867,291,269,22,0,5,5,6,2,0,4,2,1,0,1,18,0,0,7,3,6,0,6,5,5,3,2,3,0,4,1,6,8,2,0,5,14,4,0,4,17,0,5,15,0,7,16,0,6,16,0,6,15,0,7,14,0,8,14,0,8,0,0,0,0,0,0,0,15,0,7,0,0,0,9,9,0,4,
SMITH,0026,Precinct 0026,2867,378,340,38,0,12,2,13,7,0,4,1,1,1,0,35,0,0,13,8,13,0,4,6,11,0,9,9,0,3,7,7,9,11,0,4,28,6,0,4,34,0,4,32,0,6,33,0,5,32,0,6,33,0,5,34,0,4,32,0,6,0,0,0,0,0,0,0,33,0,5,0,0,0,18,16,0,4,
SMITH,0027,Precinct 0027,1929,9,6,3,0,0,0,1,2,0,0,0,0,0,0,3,0,0,2,1,0,0,0,0,0,0,0,3,0,0,1,0,0,2,0,0,2,1,0,0,3,0,0,3,0,0,3,0,0,3,0,0,3,0,0,3,0,0,3,0,0,0,0,0,0,0,0,0,3,0,0,0,0,0,2,1,0,0,
SMITH,0027,Precinct 0027,1929,150,120,30,0,8,7,5,7,0,3,2,1,0,0,27,0,0,10,6,11,0,3,10,8,2,1,8,0,1,8,5,3,9,0,5,19,4,0,7,21,0,9,20,0,10,21,0,9,21,0,9,22,0,8,22,0,8,23,0,7,0,0,0,0,0,0,0,19,0,11,0,0,0,17,13,0,0,
SMITH,0027,Precinct 0027,1929,158,132,26,0,4,5,10,5,0,2,2,1,0,0,22,0,1,11,6,7,0,2,9,9,1,2,4,0,1,5,5,6,5,0,5,17,5,0,4,21,0,5,22,0,4,22,0,4,22,0,4,21,0,5,20,0,6,22,0,4,0,0,0,0,0,0,0,20,0,6,0,0,0,9,13,0,4,
SMITH,0028,Precinct 0028,4017,20,5,15,0,4,3,7,0,0,1,0,0,0,0,15,0,0,7,2,5,0,1,6,4,1,1,2,0,1,1,3,6,4,0,1,10,4,0,1,14,0,1,13,0,2,14,0,1,14,0,1,14,0,1,14,0,1,14,0,1,0,0,0,0,0,0,0,14,0,1,0,0,0,5,10,0,0,
SMITH,0028,Precinct 0028,4017,586,531,55,0,20,18,9,5,0,3,4,1,1,2,46,0,1,20,15,17,0,3,18,13,2,7,12,0,3,12,8,20,12,0,3,46,5,0,4,50,0,5,50,0,5,50,0,5,48,0,7,48,0,7,49,0,6,49,0,6,0,0,0,0,0,0,0,48,0,7,0,0,0,26,27,0,2,
SMITH,0028,Precinct 0028,4017,335,307,28,0,14,6,5,3,0,0,3,1,0,1,23,0,0,12,10,5,0,1,16,4,1,3,4,0,0,4,8,9,5,0,2,21,4,0,3,26,0,2,25,0,3,26,0,2,24,0,4,25,0,3,24,0,4,25,0,3,0,0,0,0,0,0,0,24,0,4,0,0,0,8,19,0,1,
SMITH,0029,Precinct 0029,1990,13,5,8,0,1,2,5,0,0,0,1,0,0,0,7,0,0,2,1,4,0,1,0,0,1,7,0,0,0,1,2,2,3,0,0,5,2,0,1,6,0,2,7,0,1,7,0,1,7,0,1,6,0,2,7,0,1,6,0,2,0,0,0,0,0,0,0,6,0,2,0,0,0,4,4,0,0,
SMITH,0029,Precinct 0029,1990,108,96,12,0,5,0,2,3,0,2,1,1,0,0,10,0,0,4,3,3,0,2,2,6,2,2,0,0,0,1,6,1,1,0,3,8,0,0,4,7,0,5,8,0,4,7,0,5,7,0,5,7,0,5,8,0,4,7,0,5,0,0,0,0,0,0,0,5,0,7,0,0,0,1,10,0,1,
SMITH,0029,Precinct 0029,1990,251,227,24,1,8,4,6,2,0,4,2,2,1,1,17,0,1,8,5,8,0,3,5,6,2,3,5,0,3,2,5,10,3,0,4,18,2,0,4,21,0,3,18,0,6,17,0,7,18,0,6,19,0,5,19,0,5,19,0,5,0,0,0,0,0,0,0,18,0,6,0,0,0,14,9,0,1,
SMITH,0030,Precinct 0030,4517,20,14,6,0,0,0,4,1,0,1,0,0,0,0,6,0,0,1,0,4,0,1,0,3,0,1,2,0,0,0,1,2,3,0,0,4,2,0,0,6,0,0,6,0,0,6,0,0,6,0,0,5,0,1,6,0,0,5,0,1,0,0,0,0,0,0,0,5,0,1,0,0,0,2,4,0,0,
SMITH,0030,Precinct 0030,4517,585,540,45,0,17,6,12,5,0,5,3,1,0,3,38,0,0,14,9,18,0,4,8,9,1,9,12,0,6,16,12,7,7,0,3,33,7,0,5,38,0,7,33,0,12,39,0,6,37,0,8,37,0,8,35,0,10,35,0,10,0,0,0,0,0,0,0,35,0,10,0,0,0,26,17,0,2,
SMITH,0030,Precinct 0030,4517,356,314,42,0,16,6,10,7,0,3,4,1,2,0,35,0,0,16,12,11,0,3,9,14,6,2,9,0,2,11,12,12,4,0,3,33,6,0,3,35,0,7,36,0,6,39,0,3,37,0,5,37,0,5,34,0,8,36,0,6,0,0,0,0,0,0,0,36,0,6,0,0,0,16,23,0,3,
SMITH,0031,Precinct 0031,3579,20,14,6,0,1,3,0,2,0,0,1,0,0,0,5,0,0,0,2,4,0,0,0,0,0,1,5,0,0,0,0,1,5,0,0,0,6,0,0,6,0,0,5,0,1,6,0,0,5,0,1,5,0,1,6,0,0,5,0,1,0,0,0,0,0,0,0,5,0,1,0,0,0,1,4,0,1,
SMITH,0031,Precinct 0031,3579,483,453,30,0,8,5,7,8,0,2,0,0,0,0,29,0,1,13,3,12,0,2,5,9,2,5,7,0,2,6,9,5,7,0,3,21,6,0,3,27,0,3,26,0,4,26,0,4,26,0,4,26,0,4,26,0,4,26,0,4,0,0,0,0,0,0,0,25,0,5,0,0,0,15,15,0,0,
SMITH,0031,Precinct 0031,3579,462,436,26,0,11,3,5,5,0,2,2,1,0,1,22,0,0,13,6,6,0,1,6,9,1,4,4,0,2,8,10,3,3,0,2,19,5,0,2,22,0,4,24,0,2,24,0,2,25,0,1,24,0,2,24,0,2,23,0,3,0,0,0,0,0,0,0,24,0,2,0,0,0,6,20,0,0,
SMITH,0032,Precinct 0032,936,9,4,5,0,1,3,1,0,0,0,0,0,0,0,5,0,0,2,1,2,0,0,0,1,0,1,2,0,1,2,1,1,1,0,0,5,0,0,0,5,0,0,5,0,0,5,0,0,5,0,0,5,0,0,5,0,0,5,0,0,0,0,0,0,0,0,0,0,0,0,5,0,0,2,3,0,0,
SMITH,0032,Precinct 0032,936,205,167,38,0,13,6,10,7,0,2,8,2,0,0,28,0,0,14,7,14,0,3,9,9,3,8,8,0,1,6,6,15,7,0,4,32,4,0,2,26,0,12,28,0,10,27,0,11,25,0,13,26,0,12,26,0,12,24,0,14,0,0,0,0,0,0,0,0,0,0,28,0,10,20,17,0,1,
SMITH,0032,Precinct 0032,936,84,63,21,0,12,3,5,1,0,0,0,2,0,0,19,0,0,8,7,4,0,2,5,10,1,3,2,0,0,4,8,6,2,0,1,17,1,0,3,18,0,3,17,0,4,18,0,3,18,0,3,19,0,2,17,0,4,17,0,4,0,0,0,0,0,0,0,0,0,0,20,0,1,9,11,0,1,
SMITH,0033,Precinct 0033,726,12,9,3,0,1,0,0,2,0,0,0,0,0,0,3,0,0,1,1,1,0,0,1,0,0,0,2,0,0,1,1,0,1,0,0,2,1,0,0,3,0,0,3,0,0,3,0,0,3,0,0,3,0,0,3,0,0,3,0,0,0,0,0,0,0,0,0,0,0,0,0,0,0,1,2,0,0,
SMITH,0033,Precinct 0033,726,100,92,8,0,3,0,1,1,0,3,0,0,1,0,6,0,1,2,2,3,0,1,0,2,1,0,3,0,2,0,0,3,1,0,4,3,1,0,4,5,0,3,5,0,3,5,0,3,5,0,3,5,0,3,5,0,3,5,0,3,0,0,0,0,0,0,0,0,0,0,0,0,0,3,0,0,5,
SMITH,0033,Precinct 0033,726,85,69,16,0,8,0,5,1,0,2,1,0,0,0,15,0,0,5,6,2,0,3,5,2,3,1,2,0,3,2,2,7,1,0,4,11,2,0,3,13,0,3,13,0,3,13,0,3,14,0,2,13,0,3,14,0,2,13,0,3,0,0,0,0,0,0,0,0,0,0,0,0,0,7,8,0,1,
SMITH,0034,Precinct 0034,1205,19,0,19,0,7,3,3,3,0,3,0,0,0,0,19,0,0,5,5,7,0,2,6,3,0,2,7,0,1,4,0,7,6,0,2,15,2,0,2,16,0,3,16,0,3,16,0,3,16,0,3,16,0,3,15,0,4,15,0,4,17,0,2,9,9,0,1,0,0,0,0,0,0,12,6,0,1,
SMITH,0034,Precinct 0034,1205,191,44,147,0,80,13,36,4,0,14,10,2,0,0,129,0,6,49,37,42,0,19,63,30,6,20,12,0,16,25,25,62,15,0,20,105,21,0,21,108,0,39,108,0,39,115,0,32,114,0,33,110,0,37,109,0,38,106,0,41,136,0,11,102,41,0,4,0,0,0,0,0,0,67,67,0,13,
SMITH,0034,Precinct 0034,1205,95,29,66,0,27,11,15,4,0,9,7,3,1,0,47,0,8,20,13,20,0,13,26,17,2,12,1,0,8,10,17,16,4,0,19,40,10,0,16,42,0,24,43,0,23,46,0,20,48,0,18,45,0,21,44,0,22,44,0,22,58,0,8,47,17,0,2,0,0,0,0,0,0,21,37,0,8,
SMITH,0035,Precinct 0035,2738,42,11,31,0,11,2,9,3,0,6,2,0,0,0,28,1,0,8,11,5,0,7,12,9,0,0,1,0,9,3,11,6,3,0,8,20,3,0,8,26,0,5,26,0,5,26,0,5,26,0,5,26,0,5,26,0,5,26,0,5,26,0,5,19,8,0,4,0,0,0,0,0,0,16,13,0,2,
SMITH,0035,Precinct 0035,2738,277,138,139,0,54,21,28,7,0,29,5,5,1,3,117,0,8,43,38,31,0,27,40,42,8,16,13,0,20,22,32,37,15,0,33,98,10,0,31,94,0,45,90,0,49,94,0,45,100,0,39,93,0,46,100,0,39,96,0,43,122,0,17,69,61,0,9,0,0,0,0,0,0,66,62,0,11,
SMITH,0035,Precinct 0035,2738,215,104,111,0,48,16,26,7,0,14,13,5,0,1,92,0,0,44,37,16,0,14,42,30,9,11,5,0,14,16,25,31,17,0,22,83,10,0,18,88,0,23,86,0,25,85,0,26,86,0,25,93,0,18,91,0,20,87,0,24,100,0,11,66,41,0,4,0,0,0,0,0,0,49,53,0,9,
SMITH,0036,Precinct 0036,3153,31,4,27,0,8,0,10,4,0,5,1,0,0,0,26,0,0,7,12,3,0,5,9,9,0,4,1,0,4,3,7,11,0,0,6,21,1,0,5,20,0,7,19,0,8,20,0,7,19,0,8,19,0,8,20,0,7,20,0,7,27,0,0,11,16,0,0,0,0,0,0,0,0,7,18,0,2,
SMITH,0036,Precinct 0036,3153,245,43,202,0,88,22,38,14,0,40,16,12,3,2,159,0,10,57,58,44,0,43,48,59,6,24,23,0,42,17,40,74,19,0,52,124,25,0,53,131,0,71,123,0,79,134,0,68,125,0,77,128,0,74,131,0,71,125,0,77,173,0,29,119,77,0,6,0,0,0,0,0,0,83,100,0,19,
SMITH,0036,Precinct 0036,3153,144,51,93,0,48,9,18,5,0,13,6,6,0,0,75,0,6,33,22,26,0,12,26,28,6,16,6,0,11,12,26,27,11,0,17,58,11,0,24,66,0,27,66,0,27,66,0,27,73,0,20,72,0,21,72,0,21,70,0,23,81,0,12,50,39,0,4,0,0,0,0,0,0,31,59,0,3,
SMITH,0037,Precinct 0037,1791,9,7,2,0,1,0,0,0,0,1,0,0,0,0,2,0,0,0,0,2,0,0,0,2,0,0,0,0,0,2,0,0,0,0,0,2,0,0,0,1,0,1,1,0,1,1,0,1,1,0,1,1,0,1,1,0,1,1,0,1,0,0,0,0,0,0,0,0,0,0,0,0,0,0,2,0,0,
SMITH,0037,Precinct 0037,1791,343,319,24,0,7,4,4,5,0,4,2,0,0,0,22,0,0,9,6,8,0,1,5,9,0,0,9,0,1,4,4,6,8,0,2,22,0,0,2,18,0,6,20,0,4,23,0,1,20,0,4,21,0,3,21,0,3,20,0,4,0,0,0,0,0,0,0,0,0,0,0,0,0,11,12,0,1,
SMITH,0037,Precinct 0037,1791,217,197,20,0,7,1,2,7,0,3,1,1,0,0,17,0,1,4,5,7,0,4,3,6,3,1,3,0,4,6,2,5,2,0,5,14,2,0,4,16,0,4,16,0,4,15,0,5,17,0,3,17,0,3,18,0,2,16,0,4,0,0,0,0,0,0,0,0,0,0,0,0,0,11,8,0,1,
SMITH,0038,Precinct 0038,2575,30,17,13,0,3,4,2,3,0,1,0,0,0,0,13,0,0,4,4,4,0,1,1,5,0,4,3,0,0,3,1,2,4,0,3,9,1,0,3,8,0,5,9,0,4,9,0,4,9,0,4,10,0,3,10,0,3,9,0,4,0,0,0,0,0,0,0,0,0,0,0,0,0,4,6,0,3,
SMITH,0038,Precinct 0038,2575,338,292,46,0,19,4,6,12,0,5,1,0,0,0,45,0,0,14,11,18,0,3,7,15,6,9,8,0,1,13,14,9,7,0,3,34,9,0,3,40,0,6,37,0,9,39,0,7,38,0,8,40,0,6,38,0,8,38,0,8,0,0,0,0,0,0,0,0,0,0,0,0,0,14,29,0,3,
SMITH,0038,Precinct 0038,2575,206,166,40,0,13,10,8,5,0,4,1,5,1,0,33,0,0,10,15,13,0,2,9,16,3,5,5,0,2,6,13,9,6,0,6,31,4,0,5,32,0,8,34,0,6,32,0,8,36,0,4,33,0,7,34,0,6,34,0,6,0,0,0,0,0,0,0,0,0,0,0,0,0,11,27,0,2,
SMITH,0039,Precinct 0039,361,2,0,2,0,2,0,0,0,0,0,0,0,0,0,2,0,0,0,0,2,0,0,1,0,0,0,0,0,1,2,0,0,0,0,0,2,0,0,0,2,0,0,2,0,0,2,0,0,2,0,0,2,0,0,2,0,0,2,0,0,2,0,0,0,2,0,0,0,0,0,0,0,0,1,1,0,0,
SMITH,0039,Precinct 0039,361,63,24,39,0,17,5,11,3,0,3,1,1,0,0,35,0,2,18,7,11,0,3,16,12,0,5,5,0,1,4,10,17,6,0,2,28,8,0,3,35,0,4,33,0,6,33,0,6,34,0,5,30,0,9,33,0,6,33,0,6,33,0,6,21,17,0,1,0,0,0,0,0,0,20,16,0,3,
SMITH,0039,Precinct 0039,361,30,18,12,0,7,1,3,0,0,1,1,1,1,0,9,0,0,0,8,4,0,0,2,4,4,0,1,0,1,0,4,1,3,0,4,9,2,0,1,9,0,3,9,0,3,8,0,4,9,0,3,9,0,3,9,0,3,9,0,3,11,0,1,9,2,0,1,0,0,0,0,0,0,2,9,0,1,
SMITH,0040,Precinct 0040,4208,34,21,13,0,3,0,1,9,0,0,0,2,0,0,11,0,0,2,1,10,0,0,3,2,0,0,8,0,0,4,2,2,5,0,0,9,4,0,0,11,0,2,11,0,2,10,0,3,11,0,2,11,0,2,11,0,2,11,0,2,0,0,0,0,0,0,0,0,0,0,0,0,0,10,3,0,0,
SMITH,0040,Precinct 0040,4208,735,656,79,0,24,9,12,20,0,14,2,2,0,0,73,0,2,24,25,20,0,10,19,16,5,11,16,0,12,18,16,22,11,0,12,58,7,0,14,56,0,23,59,0,20,62,0,17,64,0,15,60,0,19,59,0,20,63,0,16,0,0,0,0,0,0,0,0,0,0,0,0,0,39,32,0,8,
SMITH,0040,Precinct 0040,4208,537,483,54,0,17,15,11,8,0,3,3,2,0,0,49,0,0,17,18,13,0,6,8,20,3,8,12,0,3,11,16,15,5,0,7,35,12,0,7,44,0,10,45,0,9,46,0,8,46,0,8,46,0,8,45,0,9,46,0,8,0,0,0,0,0,0,0,0,0,0,0,0,0,21,30,0,3,
SMITH,0041,Precinct 0041,4410,24,18,6,0,1,2,2,0,0,1,0,0,0,0,6,0,0,0,3,2,0,1,3,0,0,0,2,0,1,0,0,2,2,1,1,1,4,0,1,5,0,1,5,0,1,4,0,2,4,0,2,4,0,2,5,0,1,4,0,2,0,0,0,0,0,0,0,0,0,0,0,0,0,3,3,0,0,
SMITH,0041,Precinct 0041,4410,447,399,48,1,18,2,9,11,0,8,2,1,0,0,44,0,1,8,16,18,0,6,14,15,3,5,6,0,5,10,14,12,5,0,7,40,3,0,5,41,0,7,39,0,9,41,0,7,42,0,6,38,0,10,41,0,7,38,0,10,0,0,0,0,0,0,0,0,0,0,0,0,0,19,24,0,5,
SMITH,0041,Precinct 0041,4410,645,620,25,0,6,5,7,5,0,2,1,3,0,0,20,0,1,7,8,5,0,5,4,9,2,2,3,0,5,6,2,5,7,0,5,19,0,0,6,21,0,4,20,0,5,22,0,3,22,0,3,22,0,3,22,0,3,21,0,4,0,0,0,0,0,0,0,0,0,0,0,0,0,9,14,0,2,
SMITH,0042,Precinct 0042,4095,39,16,23,0,6,4,8,5,0,0,1,0,0,0,22,0,0,4,5,14,0,0,3,7,1,0,12,0,0,3,4,7,8,0,1,20,1,0,2,22,0,1,21,0,2,20,0,3,22,0,1,21,0,2,21,0,2,21,0,2,0,0,0,0,0,0,0,0,0,0,0,0,0,16,7,0,0,
SMITH,0042,Precinct 0042,4095,843,762,81,0,28,12,23,13,0,5,2,2,0,0,76,0,1,24,26,24,0,7,22,22,4,17,13,0,3,19,18,22,15,0,7,66,9,0,6,66,0,15,66,0,15,71,0,10,66,0,15,67,0,14,68,0,13,65,0,16,0,0,0,0,0,0,0,0,0,0,0,0,0,33,45,0,3,
SMITH,0042,Precinct 0042,4095,448,400,48,0,21,7,10,7,0,3,6,2,1,0,39,0,0,15,19,10,0,4,15,14,8,3,3,0,5,10,14,13,5,0,6,35,8,0,5,40,0,8,40,0,8,41,0,7,41,0,7,41,0,7,42,0,6,41,0,7,0,0,0,0,0,0,0,0,0,0,0,0,0,20,28,0,0,
SMITH,0043,Precinct 0043,1398,17,10,7,0,1,4,0,1,0,1,0,0,0,0,7,0,0,1,0,6,0,0,0,2,0,2,3,0,0,1,0,0,6,0,0,7,0,0,0,7,0,0,7,0,0,7,0,0,7,0,0,7,0,0,7,0,0,7,0,0,0,0,0,0,0,0,0,0,0,0,0,0,0,6,1,0,0,
SMITH,0043,Precinct 0043,1398,210,177,33,0,10,9,1,7,0,6,1,0,0,0,32,0,0,11,4,11,0,7,11,8,0,2,8,0,4,7,11,3,8,0,4,21,6,0,6,24,0,9,24,0,9,23,0,10,26,0,7,24,0,9,23,0,10,24,0,9,0,0,0,0,0,0,0,0,0,0,0,0,0,15,16,0,2,
SMITH,0043,Precinct 0043,1398,127,107,20,0,7,4,5,2,0,2,0,0,1,0,19,0,0,5,7,5,0,3,3,8,2,1,4,0,2,7,3,0,7,0,3,15,2,0,3,17,0,3,18,0,2,19,0,1,17,0,3,16,0,4,16,0,4,17,0,3,0,0,0,0,0,0,0,0,0,0,0,0,0,11,7,0,2,
SMITH,0044,Precinct 0044,4142,21,6,15,0,2,6,3,3,1,0,1,1,0,0,13,0,0,2,7,6,0,0,4,6,0,0,4,0,1,4,2,2,7,0,0,13,2,0,0,15,0,0,15,0,0,15,0,0,15,0,0,15,0,0,15,0,0,15,0,0,15,0,0,0,0,0,0,0,0,0,0,0,0,8,7,0,0,
SMITH,0044,Precinct 0044,4142,481,321,160,0,69,19,39,13,0,20,8,3,2,2,144,0,1,53,43,50,0,14,56,50,7,22,9,0,16,26,34,59,12,0,29,113,26,0,21,123,0,37,120,0,40,121,0,39,115,0,45,118,0,42,116,0,44,115,0,45,146,0,14,0,0,0,0,0,0,0,0,0,0,72,67,0,21,
SMITH,0044,Precinct 0044,4142,356,258,98,0,53,15,17,8,0,5,14,4,1,3,73,0,3,34,29,26,0,9,32,25,9,16,8,0,8,16,24,33,14,0,11,64,21,0,13,80,0,18,79,0,19,80,0,18,77,0,21,82,0,16,79,0,19,79,0,19,88,0,10,0,0,0,0,0,0,0,0,0,0,36,58,0,4,
SMITH,0045,Precinct 0045,2002,8,3,5,0,4,0,1,0,0,0,1,0,0,0,4,0,0,1,0,4,0,0,1,0,0,0,4,0,0,0,0,0,5,0,0,5,0,0,0,4,0,1,4,0,1,4,0,1,4,0,1,4,0,1,4,0,1,4,0,1,0,0,0,0,0,0,0,4,0,1,0,0,0,1,4,0,0,
SMITH,0045,Precinct 0045,2002,338,302,36,0,19,5,2,6,0,4,1,4,0,0,30,0,1,15,8,10,0,3,10,12,0,4,5,0,5,8,8,8,5,0,7,29,1,0,6,29,0,7,28,0,8,27,0,9,28,0,8,28,0,8,28,0,8,27,0,9,0,0,0,0,0,0,0,27,0,9,0,0,0,11,22,0,3,
SMITH,0045,Precinct 0045,2002,237,223,14,0,5,2,1,5,0,1,1,2,0,1,10,0,0,4,4,6,0,0,2,4,2,2,4,0,0,3,4,4,2,0,1,8,5,0,1,12,0,2,12,0,2,12,0,2,12,0,2,12,0,2,12,0,2,12,0,2,0,0,0,0,0,0,0,12,0,2,0,0,0,6,7,0,1,
SMITH,0046,Precinct 0046,1200,13,1,12,0,4,1,4,3,0,0,1,0,0,1,10,0,0,4,5,3,0,0,1,3,0,5,3,0,0,3,3,4,2,0,0,8,4,0,0,11,0,1,12,0,0,11,0,1,12,0,0,12,0,0,10,0,2,0,0,0,0,0,0,0,0,0,0,0,0,0,12,0,0,9,3,0,0,
SMITH,0046,Precinct 0046,1200,95,72,23,0,9,4,3,2,0,5,1,1,0,0,20,0,1,6,6,8,0,3,9,5,0,6,1,0,2,2,6,10,3,0,2,18,3,0,2,18,0,5,15,0,8,16,0,7,14,0,9,17,0,6,15,0,8,0,0,0,0,0,0,0,0,0,0,0,0,0,18,0,5,15,5,0,3,
SMITH,0046,Precinct 0046,1200,160,124,36,0,10,6,9,5,0,6,3,1,2,0,30,0,0,15,6,10,0,5,14,10,0,6,2,0,4,2,7,15,8,0,4,23,6,0,7,25,0,11,24,0,12,26,0,10,25,0,11,26,0,10,30,0,6,0,0,0,0,0,0,0,0,0,0,0,0,0,27,0,9,17,16,0,3,
SMITH,0047,Precinct 0047,482,3,0,3,0,2,0,0,1,0,0,0,0,0,0,3,0,0,3,0,0,0,0,2,1,0,0,0,0,0,0,0,3,0,0,0,3,0,0,0,1,0,2,1,0,2,1,0,2,1,0,2,1,0,2,1,0,2,0,0,0,0,0,0,0,0,0,0,0,0,0,1,0,2,2,1,0,0,
SMITH,0047,Precinct 0047,482,41,32,9,0,5,0,2,0,0,2,0,1,0,0,8,0,0,4,3,1,0,1,6,0,2,0,0,0,1,0,0,6,1,0,2,5,2,0,2,6,0,3,6,0,3,6,0,3,5,0,4,5,0,4,5,0,4,0,0,0,0,0,0,0,0,0,0,0,0,0,9,0,0,7,1,0,1,
SMITH,0047,Precinct 0047,482,43,33,10,0,5,1,1,3,0,0,1,0,1,0,8,0,0,4,1,4,0,1,6,0,0,1,2,0,1,1,1,6,1,0,1,6,3,0,1,8,0,2,8,0,2,8,0,2,7,0,3,8,0,2,7,0,3,0,0,0,0,0,0,0,0,0,0,0,0,0,9,0,1,8,0,0,2,
SMITH,0048,Precinct 0048,1093,4,2,2,0,0,0,0,2,0,0,0,0,0,0,2,0,0,0,2,0,0,0,0,2,0,0,0,0,0,2,0,0,0,0,0,0,2,0,0,2,0,0,2,0,0,2,0,0,2,0,0,2,0,0,2,0,0,2,0,0,2,0,0,0,0,0,0,0,0,0,0,0,0,2,0,0,0,
SMITH,0048,Precinct 0048,1093,62,41,21,0,9,1,4,4,0,3,0,1,0,0,18,0,2,5,9,5,0,2,7,5,1,4,3,0,1,5,2,6,3,0,5,13,4,0,4,14,0,7,13,0,8,14,0,7,14,0,7,14,0,7,15,0,6,12,0,9,21,0,0,0,0,0,0,0,0,0,0,0,0,10,7,0,4,
SMITH,0048,Precinct 0048,1093,66,46,20,0,11,1,4,3,0,1,3,0,0,1,16,0,0,5,8,6,0,1,9,5,1,4,0,0,1,4,5,6,3,0,2,14,4,0,2,16,0,4,15,0,5,15,0,5,15,0,5,12,0,8,13,0,7,14,0,6,19,0,1,0,0,0,0,0,0,0,0,0,0,7,8,0,5,
SMITH,0049,Precinct 0049,349,1,0,1,0,0,0,1,0,0,0,0,0,0,0,1,0,0,0,0,1,0,0,0,0,0,1,0,0,0,0,0,0,1,0,0,0,1,0,0,1,0,0,1,0,0,1,0,0,1,0,0,1,0,0,1,0,0,0,0,0,0,0,0,0,0,0,0,0,0,0,0,0,0,0,1,0,0,
SMITH,0049,Precinct 0049,349,45,40,5,0,1,2,2,0,0,0,1,0,0,0,4,0,0,2,0,3,0,0,1,1,1,2,0,0,0,1,1,3,0,0,0,5,0,0,0,5,0,0,5,0,0,5,0,0,4,0,1,4,0,1,4,0,1,0,0,0,0,0,0,0,0,0,0,0,0,0,0,0,0,1,3,0,1,
SMITH,0049,Precinct 0049,349,44,40,4,0,0,0,4,0,0,0,0,2,0,0,2,0,0,2,2,0,0,0,2,2,0,0,0,0,0,0,0,3,1,0,0,3,0,0,1,1,0,3,2,0,2,2,0,2,2,0,2,2,0,2,1,0,3,0,0,0,0,0,0,0,0,0,0,0,0,0,0,0,0,3,1,0,0,
SMITH,0050,Precinct 0050,2344,30,20,10,0,2,0,2,4,0,2,0,0,0,0,10,0,0,5,3,1,0,1,3,1,0,4,1,0,1,1,0,3,4,0,2,5,3,0,2,8,0,2,8,0,2,8,0,2,8,0,2,8,0,2,8,0,2,8,0,2,0,0,0,0,0,0,0,0,0,0,0,0,0,3,6,0,1,
SMITH,0050,Precinct 0050,2344,402,356,46,0,14,10,8,10,0,4,4,0,0,0,41,0,1,8,15,18,0,5,9,16,2,3,15,0,1,7,10,9,13,0,7,28,7,0,11,32,0,14,33,0,13,32,0,14,33,0,13,31,0,15,33,0,13,33,0,13,0,0,0,0,0,0,0,0,0,0,0,0,0,16,26,0,4,
SMITH,0050,Precinct 0050,2344,313,286,27,0,9,2,7,2,0,7,0,1,1,0,25,0,0,7,8,6,0,6,4,8,4,2,4,0,5,2,9,5,5,0,6,19,2,0,6,20,0,7,20,0,7,21,0,6,17,0,10,17,0,10,19,0,8,19,0,8,0,0,0,0,0,0,0,0,0,0,0,0,0,10,13,0,4,
SMITH,0051,Precinct 0051,3266,20,10,10,0,4,1,0,3,0,2,0,0,0,0,10,0,0,1,5,2,0,2,1,4,0,1,2,0,2,0,2,2,4,0,2,6,2,0,2,8,0,2,7,0,3,8,0,2,8,0,2,8,0,2,8,0,2,8,0,2,0,0,0,0,0,0,0,7,0,3,0,0,0,2,6,0,2,
SMITH,0051,Precinct 0051,3266,383,325,58,0,24,8,13,7,0,6,5,4,0,0,49,0,0,18,20,16,0,4,19,15,4,11,5,0,4,14,11,18,9,0,6,43,9,0,6,49,0,9,47,0,11,51,0,7,52,0,6,48,0,10,49,0,9,49,0,9,0,0,0,0,0,0,0,49,0,9,0,0,0,18,37,0,3,
SMITH,0051,Precinct 0051,3266,223,187,36,0,15,5,10,2,0,4,1,1,0,1,33,0,0,6,12,15,0,3,9,11,7,2,3,0,4,10,9,8,3,0,6,29,1,0,6,32,0,4,31,0,5,32,0,4,32,0,4,33,0,3,31,0,5,30,0,6,0,0,0,0,0,0,0,30,0,6,0,0,0,17,15,0,4,
SMITH,0052,Precinct 0052,2353,10,7,3,0,0,0,3,0,0,0,0,0,0,0,3,0,0,1,2,0,0,0,0,1,0,2,0,0,0,0,1,0,2,0,0,1,2,0,0,3,0,0,3,0,0,3,0,0,3,0,0,3,0,0,3,0,0,3,0,0,3,0,0,0,0,0,0,0,0,0,0,0,0,2,1,0,0,
SMITH,0052,Precinct 0052,2353,279,256,23,1,4,3,8,2,0,6,1,0,0,0,20,0,2,9,1,8,0,5,3,8,3,3,4,0,2,0,5,9,4,0,5,12,9,0,2,19,0,4,17,0,6,17,0,6,15,0,8,18,0,5,18,0,5,17,0,6,21,0,2,0,0,0,0,0,0,0,0,0,0,12,9,0,2,
SMITH,0052,Precinct 0052,2353,415,383,32,0,12,8,6,3,0,3,3,2,1,1,25,0,0,8,5,17,0,2,5,9,3,6,7,0,2,14,6,4,5,0,3,19,10,0,3,22,0,10,22,0,10,23,0,9,25,0,7,23,0,9,25,0,7,22,0,10,26,0,6,0,0,0,0,0,0,0,0,0,0,21,11,0,0,
SMITH,0053,Precinct 0053,398,1,0,1,0,0,0,1,0,0,0,0,0,0,0,1,0,0,1,0,0,0,0,0,1,0,0,0,0,0,0,1,0,0,0,0,1,0,0,0,0,0,1,1,0,0,1,0,0,1,0,0,1,0,0,0,0,1,0,0,0,0,0,0,0,0,0,0,0,0,0,0,0,1,0,0,0,1,
SMITH,0053,Precinct 0053,398,16,10,6,0,2,1,2,1,0,0,0,0,0,0,6,0,0,3,0,3,0,0,1,2,1,2,0,0,0,1,2,1,1,0,1,4,2,0,0,4,0,2,3,0,3,6,0,0,5,0,1,5,0,1,5,0,1,0,0,0,0,0,0,0,0,0,0,0,0,0,4,0,2,2,4,0,0,
SMITH,0053,Precinct 0053,398,56,49,7,0,0,1,3,1,0,2,0,0,1,0,6,0,0,0,5,0,0,2,0,3,0,2,0,0,2,0,4,1,0,0,2,5,0,0,2,3,0,4,4,0,3,4,0,3,3,0,4,4,0,3,3,0,4,0,0,0,0,0,0,0,0,0,0,0,0,0,5,0,2,3,4,0,0,
SMITH,0054,Precinct 0054,3229,38,19,19,0,5,1,2,11,0,0,0,0,0,0,19,0,0,8,1,10,0,0,0,3,0,3,11,0,2,3,1,0,14,0,1,11,7,0,1,18,0,1,18,0,1,18,0,1,18,0,1,18,0,1,18,0,1,17,0,2,0,0,0,0,0,0,0,0,0,0,0,0,0,10,6,0,3,
SMITH,0054,Precinct 0054,3229,458,406,52,0,15,6,13,14,0,4,2,0,0,1,48,0,1,16,7,23,0,6,11,14,2,13,10,0,2,4,9,18,16,0,5,34,12,0,6,42,0,10,41,0,11,41,0,11,43,0,9,45,0,7,42,0,10,42,0,10,0,0,0,0,0,0,0,0,0,0,0,0,0,22,26,0,4,
SMITH,0054,Precinct 0054,3229,295,257,38,0,18,5,6,6,0,3,2,2,2,0,31,0,1,11,20,6,0,1,13,13,2,8,1,0,1,10,12,7,6,0,3,29,7,0,2,36,0,2,38,0,0,36,0,2,37,0,1,37,0,1,37,0,1,35,0,3,0,0,0,0,0,0,0,0,0,0,0,0,0,12,26,0,0,
SMITH,0055,Precinct 0055,2274,15,4,11,0,1,3,6,0,0,1,0,0,0,0,11,0,0,2,2,3,0,4,1,5,1,0,4,0,0,3,3,2,1,0,2,7,2,0,2,9,0,2,9,0,2,9,0,2,9,0,2,9,0,2,8,0,3,9,0,2,0,0,0,0,0,0,0,8,0,3,0,0,0,4,5,0,2,
SMITH,0055,Precinct 0055,2274,159,106,53,0,25,10,7,5,0,6,2,2,0,0,49,0,0,15,14,18,0,6,18,15,4,5,5,0,6,14,12,13,7,0,7,40,8,0,5,44,0,9,44,0,9,46,0,7,45,0,8,46,0,7,46,0,7,45,0,8,0,0,0,0,0,0,0,42,0,11,0,0,0,29,23,0,1,
SMITH,0055,Precinct 0055,2274,141,109,32,0,15,5,6,4,0,2,2,0,0,0,29,0,1,14,5,11,0,2,9,12,1,3,5,0,2,13,7,6,3,0,3,22,7,0,3,28,0,4,28,0,4,29,0,3,28,0,4,27,0,5,29,0,3,27,0,5,0,0,0,0,0,0,0,27,0,5,0,0,0,12,19,0,1,
SMITH,0056,Precinct 0056,3404,30,21,9,0,4,1,0,3,0,1,0,0,0,0,9,0,0,1,3,4,0,1,1,5,0,0,2,0,1,3,1,1,3,0,1,7,1,0,1,6,0,3,6,0,3,6,0,3,6,0,3,6,0,3,6,0,3,6,0,3,0,0,0,0,0,0,0,6,0,3,0,0,0,2,7,0,0,
SMITH,0056,Precinct 0056,3404,518,462,56,0,20,4,13,14,0,5,3,3,0,1,49,0,0,18,10,22,0,6,11,13,3,4,20,0,5,14,4,10,21,0,7,47,5,0,4,45,0,11,45,0,11,46,0,10,44,0,12,46,0,10,43,0,13,42,0,14,0,0,0,0,0,0,0,41,0,15,0,0,0,22,34,0,0,
SMITH,0056,Precinct 0056,3404,358,302,56,0,19,6,16,9,0,6,3,2,0,0,50,0,1,13,17,20,0,6,9,23,1,6,11,0,6,12,14,11,9,0,10,39,11,0,6,45,0,11,46,0,10,45,0,11,46,0,10,45,0,11,44,0,12,44,0,12,0,0,0,0,0,0,0,45,0,11,0,0,0,25,28,0,3,
SMITH,0057,Precinct 0057,683,28,19,9,0,1,0,1,4,0,3,0,0,0,0,9,0,0,1,3,4,0,1,2,3,0,1,2,0,1,2,1,1,4,0,1,7,1,0,1,7,0,2,7,0,2,7,0,2,7,0,2,7,0,2,7,0,2,7,0,2,0,0,0,0,0,0,0,7,0,2,0,0,0,6,2,0,1,
SMITH,0057,Precinct 0057,683,97,81,16,0,5,3,2,4,0,2,0,0,0,0,16,0,0,3,4,6,0,3,4,6,0,1,3,0,2,4,3,3,2,0,4,10,2,0,4,11,0,5,11,0,5,11,0,5,11,0,5,11,0,5,11,0,5,11,0,5,0,0,0,0,0,0,0,10,0,6,0,0,0,7,7,0,2,
SMITH,0057,Precinct 0057,683,47,44,3,0,0,1,0,1,0,1,0,0,0,0,3,0,0,2,0,0,0,1,1,1,0,0,0,0,1,0,2,0,0,0,1,2,0,0,1,2,0,1,3,0,0,3,0,0,3,0,0,3,0,0,3,0,0,3,0,0,0,0,0,0,0,0,0,3,0,0,0,0,0,2,1,0,0,
SMITH,0058,Precinct 0058,4004,33,26,7,0,3,0,1,3,0,0,0,0,0,0,7,0,0,2,1,3,0,1,1,2,0,0,3,0,1,0,2,1,3,0,1,4,2,0,1,6,0,1,6,0,1,6,0,1,6,0,1,6,0,1,6,0,1,6,0,1,0,0,0,0,0,0,0,0,0,0,0,0,0,5,2,0,0,
SMITH,0058,Precinct 0058,4004,591,522,69,0,19,10,21,13,0,6,5,3,0,0,60,0,1,30,14,19,0,6,20,16,5,7,17,0,4,11,19,13,21,0,5,55,7,0,7,62,0,7,59,0,10,60,0,9,59,0,10,60,0,9,62,0,7,58,0,11,0,0,0,0,0,0,0,0,0,0,0,0,0,32,35,0,2,
SMITH,0058,Precinct 0058,4004,486,433,53,0,23,9,10,4,0,7,5,4,0,1,43,0,0,20,13,17,0,3,12,20,5,6,9,0,1,12,12,11,10,0,8,38,8,0,7,39,0,14,37,0,16,39,0,14,44,0,9,42,0,11,42,0,11,40,0,13,0,0,0,0,0,0,0,0,0,0,0,0,0,22,27,0,4,
SMITH,0059,Precinct 0059,3552,44,24,20,0,4,6,5,3,0,2,0,0,0,1,19,0,0,6,5,9,0,0,9,2,0,1,8,0,0,0,3,6,10,0,1,15,5,0,0,19,0,1,19,0,1,19,0,1,19,0,1,19,0,1,19,0,1,19,0,1,0,0,0,0,0,0,0,18,0,2,0,0,0,5,14,0,1,
SMITH,0059,Precinct 0059,3552,586,521,65,0,31,10,8,8,0,8,3,1,0,0,60,0,1,17,13,28,0,7,21,10,1,10,17,0,6,13,12,12,17,0,11,52,6,0,7,56,0,9,55,0,10,57,0,8,56,0,9,55,0,10,56,0,9,54,0,11,0,0,0,0,0,0,0,53,0,12,0,0,0,25,35,0,5,
SMITH,0059,Precinct 0059,3552,427,369,58,1,21,10,14,7,0,6,4,2,0,1,48,0,3,13,12,22,0,11,11,19,1,7,12,0,8,6,17,13,12,0,10,38,8,0,12,36,0,22,37,0,21,40,0,18,42,0,16,46,0,12,45,0,13,42,0,16,0,0,0,0,0,0,0,41,0,17,0,0,0,19,34,0,5,
SMITH,0060,Precinct 0060,812,5,4,1,0,0,0,1,0,0,0,0,0,0,0,1,0,0,1,0,0,0,0,1,0,0,0,0,0,0,0,0,1,0,0,0,1,0,0,0,1,0,0,1,0,0,1,0,0,1,0,0,1,0,0,1,0,0,1,0,0,1,0,0,0,0,0,0,0,0,0,1,0,0,1,0,0,0,
SMITH,0060,Precinct 0060,812,30,17,13,0,4,1,6,2,0,0,3,1,1,0,8,0,0,2,5,5,0,1,3,4,1,4,0,0,1,1,2,7,2,0,1,9,3,0,1,11,0,2,11,0,2,11,0,2,10,0,3,11,0,2,13,0,0,10,0,3,12,0,1,0,0,0,0,0,0,0,10,0,3,3,8,0,2,
SMITH,0060,Precinct 0060,812,27,20,7,0,4,0,2,1,0,0,1,1,0,0,5,0,0,0,5,1,0,1,0,3,1,0,2,0,1,0,4,1,0,0,2,4,1,0,2,5,0,2,5,0,2,5,0,2,5,0,2,5,0,2,5,0,2,5,0,2,7,0,0,0,0,0,0,0,0,0,5,0,2,2,5,0,0,
SMITH,0061,Precinct 0061,2470,22,7,15,0,1,4,2,5,0,3,0,0,0,0,15,0,0,3,4,6,0,2,5,4,1,1,3,0,1,6,0,2,4,0,3,9,4,0,2,12,0,3,12,0,3,12,0,3,12,0,3,11,0,4,12,0,3,12,0,3,0,0,0,9,5,0,1,0,0,0,0,0,0,9,6,0,0,
SMITH,0061,Precinct 0061,2470,208,128,80,0,31,13,17,14,0,5,6,0,0,0,73,0,1,30,9,35,0,6,15,30,3,8,18,0,6,16,26,13,15,0,10,62,7,0,11,67,0,13,66,0,14,66,0,14,70,0,10,67,0,13,68,0,12,68,0,12,0,0,0,39,40,0,1,0,0,0,0,0,0,24,50,0,6,
SMITH,0061,Precinct 0061,2470,178,128,50,0,26,4,10,4,0,6,4,2,0,0,42,0,2,18,15,11,0,6,18,8,7,7,2,0,8,11,13,12,5,0,9,37,8,0,5,40,0,10,40,0,10,41,0,9,41,0,9,40,0,10,41,0,9,38,0,12,0,0,0,33,14,0,3,0,0,0,0,0,0,16,28,0,6,
SMITH,0062,Precinct 0066,792,5,0,5,0,2,1,0,1,0,1,0,0,0,0,5,0,0,1,1,2,0,1,3,1,0,1,0,0,0,2,0,3,0,0,0,5,0,0,0,4,0,1,4,0,1,4,0,1,4,0,1,4,0,1,4,0,1,5,0,0,4,0,1,0,0,0,0,0,0,0,0,0,0,3,2,0,0,
SMITH,0062,Precinct 0066,792,91,54,37,0,17,2,5,5,0,8,5,0,0,0,31,0,1,12,8,8,0,9,13,7,1,7,2,0,7,4,6,14,2,0,11,26,2,0,9,24,0,13,25,0,12,25,0,12,25,0,12,28,0,9,24,0,13,24,0,13,37,0,0,0,0,0,0,0,0,0,0,0,0,15,16,0,6,
SMITH,0062,Precinct 0066,792,48,37,11,0,5,1,1,0,0,4,0,0,0,1,10,0,0,1,2,6,0,2,5,1,1,1,0,0,3,2,1,6,0,0,2,6,4,0,1,9,0,2,10,0,1,9,0,2,9,0,2,9,0,2,8,0,3,9,0,2,9,0,2,0,0,0,0,0,0,0,0,0,0,6,4,0,1,
SMITH,0063,Precinct 0071,4240,31,19,12,0,0,0,0,9,0,3,0,0,0,0,12,0,0,4,1,4,0,3,2,5,0,0,4,0,1,5,0,0,6,0,1,9,0,0,3,12,0,0,12,0,0,12,0,0,12,0,0,12,0,0,12,0,0,12,0,0,0,0,0,0,0,0,0,0,0,0,0,0,0,4,8,0,0,
SMITH,0063,Precinct 0071,4240,829,768,61,0,22,6,16,8,0,9,0,0,0,0,61,0,0,17,16,23,0,5,14,14,2,9,17,0,5,10,13,16,13,0,9,45,9,0,7,45,0,16,46,0,15,47,0,14,50,0,11,48,0,13,49,0,12,47,0,14,0,0,0,0,0,0,0,0,0,0,0,0,0,29,30,0,2,
SMITH,0063,Precinct 0071,4240,532,489,43,0,11,4,14,7,0,7,1,3,1,1,37,0,0,15,12,9,0,7,11,16,0,5,5,0,6,7,13,5,9,0,9,34,2,0,7,30,0,13,31,0,12,32,0,11,34,0,9,34,0,9,32,0,11,31,0,12,0,0,0,0,0,0,0,0,0,0,0,0,0,15,21,0,7,
SMITH,0064,Precinct 0073,554,3,1,2,0,2,0,0,0,0,0,0,0,0,0,2,0,0,0,2,0,0,0,0,0,2,0,0,0,0,0,0,2,0,0,0,2,0,0,0,2,0,0,2,0,0,2,0,0,2,0,0,2,0,0,2,0,0,2,0,0,2,0,0,2,0,0,0,0,0,0,0,0,0,2,0,0,0,
SMITH,0064,Precinct 0073,554,60,37,23,0,11,5,3,2,0,2,3,0,0,0,19,0,1,7,8,6,0,2,9,2,2,3,2,0,5,0,7,3,5,0,8,15,1,0,7,17,0,6,18,0,5,18,0,5,18,0,5,18,0,5,18,0,5,18,0,5,21,0,2,12,8,0,3,0,0,0,0,0,0,8,11,0,4,
SMITH,0064,Precinct 0073,554,53,37,16,0,7,2,3,0,0,4,1,0,0,0,15,0,0,2,8,2,0,4,5,3,1,2,1,0,4,4,2,4,0,0,6,7,2,0,7,9,0,7,8,0,8,9,0,7,11,0,5,9,0,7,9,0,7,10,0,6,13,0,3,3,11,0,2,0,0,0,0,0,0,3,11,0,2,
SMITH,0065,Precinct 0074,580,10,9,1,0,1,0,0,0,0,0,0,0,0,0,1,0,0,0,1,0,0,0,0,1,0,0,0,0,0,1,0,0,0,0,0,1,0,0,0,1,0,0,1,0,0,1,0,0,1,0,0,1,0,0,1,0,0,1,0,0,0,0,0,0,0,0,0,0,0,0,0,0,0,1,0,0,0,
SMITH,0065,Precinct 0074,580,96,87,9,0,3,0,1,5,0,0,0,0,0,0,9,0,0,3,4,1,0,1,1,1,0,1,5,0,1,3,0,3,2,0,1,6,2,0,1,7,0,2,7,0,2,7,0,2,7,0,2,7,0,2,7,0,2,7,0,2,0,0,0,0,0,0,0,0,0,0,0,0,0,5,3,0,1,
SMITH,0065,Precinct 0074,580,81,73,8,0,1,2,1,3,0,1,0,0,0,0,8,0,0,2,3,2,0,1,1,3,1,1,0,0,2,5,0,2,0,0,1,6,1,0,1,7,0,1,7,0,1,6,0,2,6,0,2,6,0,2,6,0,2,6,0,2,0,0,0,0,0,0,0,0,0,0,0,0,0,6,1,0,1,
SMITH,0066,Precinct 0075,3337,38,26,12,0,0,2,3,4,0,3,0,0,0,0,12,0,0,2,3,5,0,2,2,3,0,2,4,0,1,2,1,2,5,0,2,6,4,0,2,9,0,3,9,0,3,9,0,3,9,0,3,9,0,3,9,0,3,9,0,3,0,0,0,0,0,0,0,0,0,0,0,0,0,4,7,0,1,
SMITH,0066,Precinct 0075,3337,786,751,35,0,9,5,9,6,0,6,2,3,0,0,28,0,2,14,4,11,0,6,7,11,2,4,6,0,5,6,10,4,10,0,5,25,3,0,7,26,0,9,24,0,11,26,0,9,27,0,8,27,0,8,27,0,8,26,0,9,0,0,0,0,0,0,0,0,0,0,0,0,0,19,13,0,3,
SMITH,0066,Precinct 0075,3337,327,303,24,1,5,3,6,5,0,5,1,3,0,1,16,0,3,4,11,4,0,5,2,8,1,5,3,0,5,3,5,6,4,0,6,15,4,0,5,17,0,7,15,0,9,16,0,8,17,0,7,17,0,7,17,0,7,17,0,7,0,0,0,0,0,0,0,0,0,0,0,0,0,11,7,0,6,
SMITH,0067,Precinct 0076,1032,6,2,4,0,0,0,3,1,0,0,0,0,0,0,4,0,0,1,1,2,0,0,1,2,0,1,0,0,0,2,1,1,0,0,0,3,1,0,0,4,0,0,4,0,0,4,0,0,4,0,0,4,0,0,4,0,0,3,0,1,4,0,0,3,1,0,0,0,0,0,0,0,0,3,1,0,0,
SMITH,0067,Precinct 0076,1032,30,9,21,0,10,2,7,1,0,1,2,0,0,0,19,0,0,4,8,7,0,2,5,5,2,4,4,0,1,4,4,9,3,0,1,13,6,0,2,16,0,5,16,0,5,16,0,5,18,0,3,16,0,5,18,0,3,18,0,3,17,0,4,8,13,0,0,0,0,0,0,0,0,10,11,0,0,
SMITH,0067,Precinct 0076,1032,32,13,19,0,11,2,5,1,0,0,1,0,0,0,18,0,0,5,6,5,0,3,0,6,4,6,3,0,0,5,6,6,2,0,0,10,8,0,1,18,0,1,15,0,4,16,0,3,16,0,3,14,0,5,15,0,4,15,0,4,18,0,1,8,11,0,0,0,0,0,0,0,0,9,10,0,0,
SMITH,0068,Precinct 0077,702,6,3,3,0,1,0,0,1,0,1,0,0,0,0,3,0,0,1,1,1,0,0,0,2,0,0,1,0,0,0,1,0,1,0,1,0,2,0,1,3,0,0,3,0,0,3,0,0,3,0,0,3,0,0,3,0,0,3,0,0,3,0,0,0,0,0,0,0,0,0,0,0,0,1,2,0,0,
SMITH,0068,Precinct 0077,702,86,61,25,0,17,3,2,1,0,2,0,0,0,0,23,0,2,7,5,9,0,4,7,6,3,0,6,0,3,6,5,1,9,0,4,17,1,0,7,17,0,8,16,0,9,15,0,10,17,0,8,17,0,8,16,0,9,16,0,9,21,0,4,0,0,0,0,0,0,0,0,0,0,13,11,0,1,
SMITH,0068,Precinct 0077,702,56,44,12,0,7,1,3,0,0,1,0,3,0,1,8,0,0,4,3,3,0,2,3,6,1,0,2,0,0,5,2,2,2,0,1,10,2,0,0,10,0,2,10,0,2,12,0,0,11,0,1,11,0,1,10,0,2,10,0,2,10,0,2,0,0,0,0,0,0,0,0,0,0,6,6,0,0,
SMITH,0069,Precinct 0079,3904,24,13,11,0,2,4,2,1,0,2,0,0,0,0,9,0,2,5,4,2,0,0,5,2,1,1,2,0,0,3,1,5,1,0,1,5,4,0,2,10,0,1,10,0,1,10,0,1,10,0,1,9,0,2,9,0,2,9,0,2,0,0,0,0,0,0,0,0,0,0,0,0,0,6,3,0,2,
SMITH,0069,Precinct 0079,3904,488,428,60,0,26,9,16,3,0,6,3,2,0,1,53,0,1,25,10,19,0,6,20,17,5,5,6,0,7,9,16,19,9,0,7,44,11,0,5,50,0,10,47,0,13,51,0,9,51,0,9,49,0,11,51,0,9,51,0,9,0,0,0,0,0,0,0,0,0,0,0,0,0,24,35,0,1,
SMITH,0069,Precinct 0079,3904,476,414,62,0,33,10,13,1,0,5,5,2,1,0,52,0,2,25,20,14,0,3,20,22,5,9,5,0,1,13,13,17,10,0,9,44,14,0,4,54,0,8,54,0,8,54,0,8,54,0,8,55,0,7,54,0,8,53,0,9,0,0,0,0,0,0,0,0,0,0,0,0,0,30,29,0,3,
SMITH,0070,Precinct 0081,268,0,0,0,0,0,0,0,0,0,0,0,0,0,0,0,0,0,0,0,0,0,0,0,0,0,0,0,0,0,0,0,0,0,0,0,0,0,0,0,0,0,0,0,0,0,0,0,0,0,0,0,0,0,0,0,0,0,0,0,0,0,0,0,0,0,0,0,0,0,0,0,0,0,0,0,0,0,
SMITH,0070,Precinct 0081,268,27,15,12,0,5,2,4,0,0,1,0,0,0,0,11,0,1,5,3,2,0,2,3,5,1,1,1,0,1,1,4,4,0,0,3,9,1,0,2,9,0,3,9,0,3,8,0,4,7,0,5,6,0,6,5,0,7,5,0,7,0,0,0,0,0,0,0,0,0,0,8,0,4,4,7,0,1,
SMITH,0070,Precinct 0081,268,14,6,8,0,5,1,1,0,0,1,0,1,0,0,7,0,0,3,0,4,0,1,2,4,0,0,1,0,1,2,3,2,0,0,1,5,2,0,1,6,0,2,6,0,2,6,0,2,6,0,2,6,0,2,6,0,2,6,0,2,0,0,0,0,0,0,0,0,0,0,7,0,1,3,5,0,0,
SMITH,0071,Precinct 0082,65,0,0,0,0,0,0,0,0,0,0,0,0,0,0,0,0,0,0,0,0,0,0,0,0,0,0,0,0,0,0,0,0,0,0,0,0,0,0,0,0,0,0,0,0,0,0,0,0,0,0,0,0,0,0,0,0,0,0,0,0,0,0,0,0,0,0,0,0,0,0,0,0,0,0,0,0,0,
SMITH,0071,Precinct 0082,65,6,5,1,0,1,0,0,0,0,0,0,0,0,0,1,0,0,0,0,1,0,0,1,0,0,0,0,0,0,1,0,0,0,0,0,1,0,0,0,1,0,0,1,0,0,1,0,0,1,0,0,1,0,0,1,0,0,1,0,0,0,0,0,0,0,0,0,0,0,0,0,0,1,0,1,0,0,
SMITH,0071,Precinct 0082,65,3,1,2,0,2,0,0,0,0,0,0,0,0,1,1,0,0,0,0,2,0,0,1,0,0,0,1,0,0,1,0,1,0,0,0,2,0,0,0,2,0,0,2,0,0,1,0,1,2,0,0,2,0,0,2,0,0,2,0,0,0,0,0,0,0,0,0,0,0,0,2,0,0,0,1,0,1,
SMITH,0072,Precinct 0085,581,2,2,0,0,0,0,0,0,0,0,0,0,0,0,0,0,0,0,0,0,0,0,0,0,0,0,0,0,0,0,0,0,0,0,0,0,0,0,0,0,0,0,0,0,0,0,0,0,0,0,0,0,0,0,0,0,0,0,0,0,0,0,0,0,0,0,0,0,0,0,0,0,0,0,0,0,0,
SMITH,0072,Precinct 0085,581,111,107,4,0,2,0,2,0,0,0,0,0,0,0,4,0,0,0,1,2,0,1,1,2,0,0,0,0,1,1,0,1,1,0,1,4,0,0,0,4,0,0,4,0,0,4,0,0,4,0,0,4,0,0,4,0,0,0,0,0,0,0,0,0,0,0,0,0,0,0,0,0,0,1,3,0,0,
SMITH,0072,Precinct 0085,581,49,48,1,0,0,0,0,0,0,1,0,0,0,0,1,0,0,0,0,1,0,0,0,0,0,0,0,0,1,0,0,0,0,0,1,0,0,0,1,0,0,1,0,0,1,0,0,1,0,0,1,0,0,1,0,0,1,0,0,0,0,0,0,0,0,0,0,0,0,0,0,0,0,0,0,0,1,
SMITH,ZZZ,COUNTY TOTALS,148743,35049,28407,6642,12,2676,872,1500,804,1,789,450,220,47,58,5699,1,167,2078,1792,1984,0,788,1889,1831,357,901,970,1,693,1139,1479,1888,1105,1,1030,4676,1009,1,956,5139,0,1503,5072,0,1570,5199,0,1443,5197,0,1445,5168,0,1474,5193,0,1449,4284,0,1321,2548,0,307,1366,990,0,85,905,0,229,638,0,151,2844,3277,0,521,